-- MySQL Administrator dump 1.4
--
-- ------------------------------------------------------
-- Server version	5.1.37-1ubuntu5.1


/*!40101 SET @OLD_CHARACTER_SET_CLIENT=@@CHARACTER_SET_CLIENT */;
/*!40101 SET @OLD_CHARACTER_SET_RESULTS=@@CHARACTER_SET_RESULTS */;
/*!40101 SET @OLD_COLLATION_CONNECTION=@@COLLATION_CONNECTION */;
/*!40101 SET NAMES utf8 */;

/*!40014 SET @OLD_UNIQUE_CHECKS=@@UNIQUE_CHECKS, UNIQUE_CHECKS=0 */;
/*!40014 SET @OLD_FOREIGN_KEY_CHECKS=@@FOREIGN_KEY_CHECKS, FOREIGN_KEY_CHECKS=0 */;
/*!40101 SET @OLD_SQL_MODE=@@SQL_MODE, SQL_MODE='NO_AUTO_VALUE_ON_ZERO' */;


--
-- Create schema bugzilla_test
--

CREATE DATABASE IF NOT EXISTS bugzilla_test;
USE bugzilla_test;

--
-- Definition of table `bugzilla_test`.`attach_data`
--

DROP TABLE IF EXISTS `bugzilla_test`.`attach_data`;
CREATE TABLE  `bugzilla_test`.`attach_data` (
  `id` mediumint(9) NOT NULL,
  `thedata` longblob NOT NULL,
  PRIMARY KEY (`id`)
) ENGINE=InnoDB DEFAULT CHARSET=utf8 MAX_ROWS=100000 AVG_ROW_LENGTH=1000000;

--
-- Dumping data for table `bugzilla_test`.`attach_data`
--

/*!40000 ALTER TABLE `attach_data` DISABLE KEYS */;
LOCK TABLES `attach_data` WRITE;
UNLOCK TABLES;
/*!40000 ALTER TABLE `attach_data` ENABLE KEYS */;


--
-- Definition of table `bugzilla_test`.`attachments`
--

DROP TABLE IF EXISTS `bugzilla_test`.`attachments`;
CREATE TABLE  `bugzilla_test`.`attachments` (
  `attach_id` mediumint(9) NOT NULL AUTO_INCREMENT,
  `bug_id` mediumint(9) NOT NULL,
  `creation_ts` datetime NOT NULL,
  `modification_time` datetime NOT NULL,
  `description` tinytext NOT NULL,
  `mimetype` tinytext NOT NULL,
  `ispatch` tinyint(4) DEFAULT NULL,
  `filename` varchar(100) NOT NULL,
  `submitter_id` mediumint(9) NOT NULL,
  `isobsolete` tinyint(4) NOT NULL DEFAULT '0',
  `isprivate` tinyint(4) NOT NULL DEFAULT '0',
  `isurl` tinyint(4) NOT NULL DEFAULT '0',
  PRIMARY KEY (`attach_id`),
  KEY `attachments_bug_id_idx` (`bug_id`),
  KEY `attachments_creation_ts_idx` (`creation_ts`),
  KEY `attachments_modification_time_idx` (`modification_time`),
  KEY `attachments_submitter_id_idx` (`submitter_id`,`bug_id`),
  CONSTRAINT `fk_attachments_submitter_id_profiles_userid` FOREIGN KEY (`submitter_id`) REFERENCES `profiles` (`userid`) ON UPDATE CASCADE
) ENGINE=InnoDB DEFAULT CHARSET=utf8;

--
-- Dumping data for table `bugzilla_test`.`attachments`
--

/*!40000 ALTER TABLE `attachments` DISABLE KEYS */;
LOCK TABLES `attachments` WRITE;
UNLOCK TABLES;
/*!40000 ALTER TABLE `attachments` ENABLE KEYS */;


--
-- Definition of table `bugzilla_test`.`bug_group_map`
--

DROP TABLE IF EXISTS `bugzilla_test`.`bug_group_map`;
CREATE TABLE  `bugzilla_test`.`bug_group_map` (
  `bug_id` mediumint(9) NOT NULL,
  `group_id` mediumint(9) NOT NULL,
  UNIQUE KEY `bug_group_map_bug_id_idx` (`bug_id`,`group_id`),
  KEY `bug_group_map_group_id_idx` (`group_id`)
) ENGINE=InnoDB DEFAULT CHARSET=utf8;

--
-- Dumping data for table `bugzilla_test`.`bug_group_map`
--

/*!40000 ALTER TABLE `bug_group_map` DISABLE KEYS */;
LOCK TABLES `bug_group_map` WRITE;
UNLOCK TABLES;
/*!40000 ALTER TABLE `bug_group_map` ENABLE KEYS */;


--
-- Definition of table `bugzilla_test`.`bug_severity`
--

DROP TABLE IF EXISTS `bugzilla_test`.`bug_severity`;
CREATE TABLE  `bugzilla_test`.`bug_severity` (
  `id` smallint(6) NOT NULL AUTO_INCREMENT,
  `value` varchar(64) NOT NULL,
  `sortkey` smallint(6) NOT NULL DEFAULT '0',
  `isactive` tinyint(4) NOT NULL DEFAULT '1',
  PRIMARY KEY (`id`),
  UNIQUE KEY `bug_severity_value_idx` (`value`),
  KEY `bug_severity_sortkey_idx` (`sortkey`,`value`)
) ENGINE=InnoDB AUTO_INCREMENT=8 DEFAULT CHARSET=utf8;

--
-- Dumping data for table `bugzilla_test`.`bug_severity`
--

/*!40000 ALTER TABLE `bug_severity` DISABLE KEYS */;
LOCK TABLES `bug_severity` WRITE;
INSERT INTO `bugzilla_test`.`bug_severity` VALUES  (1,'blocker',100,1),
 (2,'critical',200,1),
 (3,'major',300,1),
 (4,'normal',400,1),
 (5,'minor',500,1),
 (6,'trivial',600,1),
 (7,'enhancement',700,1);
UNLOCK TABLES;
/*!40000 ALTER TABLE `bug_severity` ENABLE KEYS */;


--
-- Definition of table `bugzilla_test`.`bug_status`
--

DROP TABLE IF EXISTS `bugzilla_test`.`bug_status`;
CREATE TABLE  `bugzilla_test`.`bug_status` (
  `id` smallint(6) NOT NULL AUTO_INCREMENT,
  `value` varchar(64) NOT NULL,
  `sortkey` smallint(6) NOT NULL DEFAULT '0',
  `isactive` tinyint(4) NOT NULL DEFAULT '1',
  `is_open` tinyint(4) NOT NULL DEFAULT '1',
  PRIMARY KEY (`id`),
  UNIQUE KEY `bug_status_value_idx` (`value`),
  KEY `bug_status_sortkey_idx` (`sortkey`,`value`)
) ENGINE=InnoDB AUTO_INCREMENT=8 DEFAULT CHARSET=utf8;

--
-- Dumping data for table `bugzilla_test`.`bug_status`
--

/*!40000 ALTER TABLE `bug_status` DISABLE KEYS */;
LOCK TABLES `bug_status` WRITE;
INSERT INTO `bugzilla_test`.`bug_status` VALUES  (1,'UNCONFIRMED',100,1,1),
 (2,'NEW',200,1,1),
 (3,'ASSIGNED',300,1,1),
 (4,'REOPENED',400,1,1),
 (5,'RESOLVED',500,1,0),
 (6,'VERIFIED',600,1,0),
 (7,'CLOSED',700,1,0);
UNLOCK TABLES;
/*!40000 ALTER TABLE `bug_status` ENABLE KEYS */;


--
-- Definition of table `bugzilla_test`.`bugs`
--

DROP TABLE IF EXISTS `bugzilla_test`.`bugs`;
CREATE TABLE  `bugzilla_test`.`bugs` (
  `bug_id` mediumint(9) NOT NULL AUTO_INCREMENT,
  `assigned_to` mediumint(9) NOT NULL,
  `bug_file_loc` mediumtext,
  `bug_severity` varchar(64) NOT NULL,
  `bug_status` varchar(64) NOT NULL,
  `creation_ts` datetime DEFAULT NULL,
  `delta_ts` datetime NOT NULL,
  `short_desc` varchar(255) NOT NULL,
  `op_sys` varchar(64) NOT NULL,
  `priority` varchar(64) NOT NULL,
  `product_id` smallint(6) NOT NULL,
  `rep_platform` varchar(64) NOT NULL,
  `reporter` mediumint(9) NOT NULL,
  `version` varchar(64) NOT NULL,
  `component_id` smallint(6) NOT NULL,
  `resolution` varchar(64) NOT NULL DEFAULT '',
  `target_milestone` varchar(20) NOT NULL DEFAULT '---',
  `qa_contact` mediumint(9) DEFAULT NULL,
  `status_whiteboard` mediumtext NOT NULL,
  `votes` mediumint(9) NOT NULL DEFAULT '0',
  `keywords` mediumtext NOT NULL,
  `lastdiffed` datetime DEFAULT NULL,
  `everconfirmed` tinyint(4) NOT NULL,
  `reporter_accessible` tinyint(4) NOT NULL DEFAULT '1',
  `cclist_accessible` tinyint(4) NOT NULL DEFAULT '1',
  `estimated_time` decimal(5,2) NOT NULL DEFAULT '0.00',
  `remaining_time` decimal(5,2) NOT NULL DEFAULT '0.00',
  `deadline` datetime DEFAULT NULL,
  `alias` varchar(20) DEFAULT NULL,
  PRIMARY KEY (`bug_id`),
  UNIQUE KEY `bugs_alias_idx` (`alias`),
  KEY `bugs_assigned_to_idx` (`assigned_to`),
  KEY `bugs_creation_ts_idx` (`creation_ts`),
  KEY `bugs_delta_ts_idx` (`delta_ts`),
  KEY `bugs_bug_severity_idx` (`bug_severity`),
  KEY `bugs_bug_status_idx` (`bug_status`),
  KEY `bugs_op_sys_idx` (`op_sys`),
  KEY `bugs_priority_idx` (`priority`),
  KEY `bugs_product_id_idx` (`product_id`),
  KEY `bugs_reporter_idx` (`reporter`),
  KEY `bugs_version_idx` (`version`),
  KEY `bugs_component_id_idx` (`component_id`),
  KEY `bugs_resolution_idx` (`resolution`),
  KEY `bugs_target_milestone_idx` (`target_milestone`),
  KEY `bugs_qa_contact_idx` (`qa_contact`),
  KEY `bugs_votes_idx` (`votes`)
) ENGINE=InnoDB AUTO_INCREMENT=15 DEFAULT CHARSET=utf8;

--
-- Dumping data for table `bugzilla_test`.`bugs`
--

/*!40000 ALTER TABLE `bugs` DISABLE KEYS */;
LOCK TABLES `bugs` WRITE;
INSERT INTO `bugzilla_test`.`bugs` VALUES  (1,1,'','enhancement','RESOLVED','2010-05-25 14:28:13','2010-05-25 14:51:21','Bug A - 1','Linux','P5',2,'PC',1,'1.0.0',2,'FIXED','---',NULL,'',0,'','2010-05-25 14:51:21',1,1,1,'5.00','0.00',NULL,NULL),
 (2,3,'','enhancement','RESOLVED','2010-05-25 14:38:18','2010-05-25 15:01:04','Bug A - 2','Linux','P4',2,'PC',1,'1.0.0',2,'FIXED','---',NULL,'',0,'','2010-05-25 15:01:04',1,1,1,'6.00','0.00',NULL,NULL),
 (3,1,'','enhancement','RESOLVED','2010-05-25 14:39:59','2010-05-25 15:03:44','Bug A - 3','Linux','P2',2,'PC',1,'2.0.0',2,'FIXED','---',NULL,'',0,'','2010-05-25 15:03:44',1,1,1,'8.00','0.00',NULL,NULL),
 (4,2,'','enhancement','RESOLVED','2010-05-25 14:40:50','2010-05-25 15:05:03','Bug A - 4','Linux','P2',2,'PC',1,'2.0.0',2,'FIXED','---',NULL,'',0,'','2010-05-25 15:05:04',1,1,1,'6.00','0.00',NULL,NULL),
 (5,2,'','enhancement','RESOLVED','2010-05-25 14:41:30','2010-05-25 15:08:09','Bug B - 1','Linux','P1',3,'PC',1,'1.0.0',3,'FIXED','---',NULL,'',0,'','2010-05-25 15:08:10',1,1,1,'4.00','0.00',NULL,NULL),
 (6,1,'','enhancement','ASSIGNED','2010-05-25 14:42:05','2010-05-25 15:12:48','Bug B - 2','Linux','P1',3,'PC',1,'1.0.0',3,'','---',NULL,'',0,'','2010-05-25 15:12:48',1,1,1,'2.00','1.00',NULL,NULL);
INSERT INTO `bugzilla_test`.`bugs` VALUES  (7,2,'','enhancement','RESOLVED','2010-05-25 14:42:40','2010-05-25 15:13:11','Bug B - 3','Linux','P3',3,'PC',1,'1.0.0',3,'FIXED','---',NULL,'',0,'','2010-05-25 15:13:11',1,1,1,'2.00','0.00',NULL,NULL),
 (8,3,'','enhancement','ASSIGNED','2010-05-25 14:43:23','2010-05-25 15:13:25','Bug C - 1','Linux','P3',4,'PC',1,'1.0.0',4,'','---',NULL,'',0,'','2010-05-25 15:13:26',1,1,1,'2.00','1.00',NULL,NULL),
 (9,1,'','enhancement','ASSIGNED','2010-05-25 14:43:46','2010-05-25 15:15:36','Bug C - 2','Linux','P5',4,'PC',1,'1.5.0',4,'','---',NULL,'',0,'','2010-05-25 15:15:36',1,1,1,'2.00','1.50',NULL,NULL),
 (10,1,'','enhancement','NEW','2010-06-13 02:25:54','2010-06-13 02:25:54','Bug C - 3','Linux','P1',4,'PC',1,'1.0.0',4,'','---',NULL,'',0,'','2010-06-13 02:25:54',1,1,1,'2.00','2.00',NULL,NULL),
 (11,1,'','enhancement','ASSIGNED','2010-06-13 02:27:12','2010-06-13 02:29:14','Bug C - 4','Linux','P1',4,'PC',1,'1.0.0',4,'','---',NULL,'',0,'','2010-06-13 02:29:15',1,1,1,'2.00','2.00',NULL,NULL),
 (12,1,'','enhancement','ASSIGNED','2010-06-13 02:27:40','2010-06-13 02:29:54','Bug C - 5','Linux','P1',4,'PC',1,'1.0.0',4,'','---',NULL,'',0,'','2010-06-13 02:29:54',1,1,1,'1.00','2.00',NULL,NULL);
INSERT INTO `bugzilla_test`.`bugs` VALUES  (13,1,'','enhancement','ASSIGNED','2010-06-13 02:28:07','2010-06-13 02:30:45','Bug C - 6','Linux','P1',4,'PC',1,'1.0.0',4,'','---',NULL,'',0,'','2010-06-13 02:30:45',1,1,1,'3.00','2.00',NULL,NULL),
 (14,1,'','enhancement','RESOLVED','2010-06-13 21:11:05','2010-06-13 21:12:29','Bug C - 7','Linux','P1',4,'PC',1,'1.0.0',4,'WONTFIX','---',NULL,'',0,'','2010-06-13 21:12:30',1,1,1,'1.00','0.00',NULL,NULL);
UNLOCK TABLES;
/*!40000 ALTER TABLE `bugs` ENABLE KEYS */;


--
-- Definition of table `bugzilla_test`.`bugs_activity`
--

DROP TABLE IF EXISTS `bugzilla_test`.`bugs_activity`;
CREATE TABLE  `bugzilla_test`.`bugs_activity` (
  `bug_id` mediumint(9) NOT NULL,
  `attach_id` mediumint(9) DEFAULT NULL,
  `who` mediumint(9) NOT NULL,
  `bug_when` datetime NOT NULL,
  `fieldid` mediumint(9) NOT NULL,
  `added` tinytext,
  `removed` tinytext,
  KEY `bugs_activity_bug_id_idx` (`bug_id`),
  KEY `bugs_activity_who_idx` (`who`),
  KEY `bugs_activity_bug_when_idx` (`bug_when`),
  KEY `bugs_activity_fieldid_idx` (`fieldid`),
  CONSTRAINT `fk_bugs_activity_who_profiles_userid` FOREIGN KEY (`who`) REFERENCES `profiles` (`userid`) ON UPDATE CASCADE
) ENGINE=InnoDB DEFAULT CHARSET=utf8;

--
-- Dumping data for table `bugzilla_test`.`bugs_activity`
--

/*!40000 ALTER TABLE `bugs_activity` DISABLE KEYS */;
LOCK TABLES `bugs_activity` WRITE;
INSERT INTO `bugzilla_test`.`bugs_activity` VALUES  (1,NULL,1,'2010-05-25 14:47:23',47,'3',''),
 (1,NULL,1,'2010-05-25 14:47:23',41,'2','5.00'),
 (1,NULL,2,'2010-05-25 14:50:57',47,'1',''),
 (1,NULL,2,'2010-05-25 14:50:57',41,'1','2.00'),
 (1,NULL,1,'2010-05-26 14:51:21',47,'1',''),
 (1,NULL,1,'2010-05-26 14:51:21',9,'RESOLVED','NEW'),
 (1,NULL,1,'2010-05-26 14:51:21',12,'FIXED',''),
 (1,NULL,1,'2010-05-26 14:51:21',41,'0','1.00'),
 (2,NULL,3,'2010-05-26 15:00:24',47,'2',''),
 (2,NULL,3,'2010-05-26 15:00:24',9,'ASSIGNED','NEW'),
 (2,NULL,3,'2010-05-26 15:00:24',41,'4','6.00'),
 (2,NULL,3,'2010-05-27 15:00:44',47,'2',''),
 (2,NULL,3,'2010-05-27 15:00:44',41,'2','4.00'),
 (2,NULL,2,'2010-05-27 15:01:04',47,'2',''),
 (2,NULL,2,'2010-05-27 15:01:04',9,'RESOLVED','ASSIGNED'),
 (2,NULL,2,'2010-05-27 15:01:04',12,'FIXED',''),
 (2,NULL,2,'2010-05-27 15:01:04',41,'0','2.00'),
 (3,NULL,1,'2010-05-27 15:03:28',47,'5',''),
 (3,NULL,1,'2010-05-27 15:03:28',9,'ASSIGNED','NEW'),
 (3,NULL,1,'2010-05-27 15:03:28',41,'3','8.00'),
 (3,NULL,1,'2010-05-28 15:03:44',47,'3','');
INSERT INTO `bugzilla_test`.`bugs_activity` VALUES  (3,NULL,1,'2010-05-28 15:03:44',9,'RESOLVED','ASSIGNED'),
 (3,NULL,1,'2010-05-28 15:03:44',12,'FIXED',''),
 (3,NULL,1,'2010-05-28 15:03:44',41,'0','3.00'),
 (4,NULL,2,'2010-06-01 15:04:48',47,'5',''),
 (4,NULL,2,'2010-06-01 15:04:48',9,'ASSIGNED','NEW'),
 (4,NULL,2,'2010-06-01 15:04:48',41,'1','6.00'),
 (4,NULL,3,'2010-06-01 15:05:03',47,'1',''),
 (4,NULL,3,'2010-06-01 15:05:03',9,'RESOLVED','ASSIGNED'),
 (4,NULL,3,'2010-06-01 15:05:03',12,'FIXED',''),
 (4,NULL,3,'2010-06-01 15:05:03',41,'0','1.00'),
 (5,NULL,2,'2010-06-02 15:07:18',47,'3',''),
 (5,NULL,2,'2010-06-02 15:07:18',9,'ASSIGNED','NEW'),
 (5,NULL,2,'2010-06-02 15:07:18',41,'1','4.00'),
 (5,NULL,2,'2010-06-02 15:08:09',47,'1',''),
 (5,NULL,2,'2010-06-02 15:08:09',9,'RESOLVED','ASSIGNED'),
 (5,NULL,2,'2010-06-02 15:08:09',12,'FIXED',''),
 (5,NULL,2,'2010-06-02 15:08:09',41,'0','1.00'),
 (6,NULL,1,'2010-06-02 15:12:48',47,'1',''),
 (6,NULL,1,'2010-06-02 15:12:48',9,'ASSIGNED','NEW'),
 (6,NULL,1,'2010-06-02 15:12:48',41,'1','2.00');
INSERT INTO `bugzilla_test`.`bugs_activity` VALUES  (7,NULL,2,'2010-06-02 15:13:11',47,'2',''),
 (7,NULL,2,'2010-06-02 15:13:11',9,'RESOLVED','NEW'),
 (7,NULL,2,'2010-06-02 15:13:11',12,'FIXED',''),
 (7,NULL,2,'2010-06-02 15:13:11',41,'0','2.00'),
 (8,NULL,3,'2010-06-02 15:13:25',47,'1',''),
 (8,NULL,3,'2010-06-02 15:13:25',9,'ASSIGNED','NEW'),
 (8,NULL,3,'2010-06-02 15:13:25',41,'1','2.00'),
 (9,NULL,1,'2010-06-02 15:15:11',47,'1',''),
 (9,NULL,1,'2010-06-02 15:15:11',9,'ASSIGNED','NEW'),
 (9,NULL,1,'2010-06-02 15:15:11',41,'1','2.00'),
 (9,NULL,1,'2010-06-03 15:15:36',47,'-0.5',''),
 (9,NULL,1,'2010-06-03 15:15:36',41,'1.5','1.00'),
 (11,NULL,1,'2010-06-13 02:29:14',9,'ASSIGNED','NEW'),
 (11,NULL,1,'2010-06-13 02:29:14',16,'admin@localhost.com','dev2@localhost.com'),
 (12,NULL,1,'2010-06-13 02:29:54',9,'ASSIGNED','NEW'),
 (12,NULL,1,'2010-06-13 02:29:54',41,'2','1.00'),
 (13,NULL,1,'2010-06-13 02:30:45',9,'ASSIGNED','NEW'),
 (13,NULL,1,'2010-06-13 02:30:45',41,'2','3.00'),
 (14,NULL,1,'2010-06-13 21:12:29',9,'RESOLVED','NEW'),
 (14,NULL,1,'2010-06-13 21:12:29',12,'WONTFIX','');
INSERT INTO `bugzilla_test`.`bugs_activity` VALUES  (14,NULL,1,'2010-06-13 21:12:29',41,'0','1.00');
UNLOCK TABLES;
/*!40000 ALTER TABLE `bugs_activity` ENABLE KEYS */;


--
-- Definition of table `bugzilla_test`.`bugs_fulltext`
--

DROP TABLE IF EXISTS `bugzilla_test`.`bugs_fulltext`;
CREATE TABLE  `bugzilla_test`.`bugs_fulltext` (
  `bug_id` mediumint(9) NOT NULL,
  `short_desc` varchar(255) NOT NULL,
  `comments` mediumtext,
  `comments_noprivate` mediumtext,
  PRIMARY KEY (`bug_id`),
  FULLTEXT KEY `bugs_fulltext_short_desc_idx` (`short_desc`),
  FULLTEXT KEY `bugs_fulltext_comments_idx` (`comments`),
  FULLTEXT KEY `bugs_fulltext_comments_noprivate_idx` (`comments_noprivate`)
) ENGINE=MyISAM DEFAULT CHARSET=utf8;

--
-- Dumping data for table `bugzilla_test`.`bugs_fulltext`
--

/*!40000 ALTER TABLE `bugs_fulltext` DISABLE KEYS */;
LOCK TABLES `bugs_fulltext` WRITE;
INSERT INTO `bugzilla_test`.`bugs_fulltext` VALUES  (1,'Bug A - 1','Bug A - 1 Langtext\nAktivität 1\nAktivität 2\nAktivität 3','Bug A - 1 Langtext\nAktivität 1\nAktivität 2\nAktivität 3'),
 (2,'Bug A - 2','Bug A - 2 Langtext\nAktivität 4\nAktivität 5\nAktivität 6','Bug A - 2 Langtext\nAktivität 4\nAktivität 5\nAktivität 6'),
 (3,'Bug A - 3','Bug A - 3 Langtext\nAktivität 7\nAktivität 8','Bug A - 3 Langtext\nAktivität 7\nAktivität 8'),
 (4,'Bug A - 4','Bug A - 4 Langtext\nAktivität 9\nAktivität 10','Bug A - 4 Langtext\nAktivität 9\nAktivität 10'),
 (5,'Bug B - 1','Bug B - 1 Langtext\nAktivität 11\nAktivität 12','Bug B - 1 Langtext\nAktivität 11\nAktivität 12'),
 (6,'Bug B - 2','Bug B - 2 Langtext\nAktivität 12','Bug B - 2 Langtext\nAktivität 12'),
 (7,'Bug B - 3','Bug B - 3 Langtext\nAktivität 13','Bug B - 3 Langtext\nAktivität 13'),
 (8,'Bug C - 1','Bug C - 1 Langtext\nAktivität 14','Bug C - 1 Langtext\nAktivität 14'),
 (9,'Bug C - 2','Bug C - 2 Langtext\nAktivität 15\nAktivität 16','Bug C - 2 Langtext\nAktivität 15\nAktivität 16'),
 (10,'Bug C - 3','Bug C - 3 Langtext','Bug C - 3 Langtext');
INSERT INTO `bugzilla_test`.`bugs_fulltext` VALUES  (11,'Bug C - 4','Bug C - 4 Langtext\nWechsel Zuständiger','Bug C - 4 Langtext\nWechsel Zuständiger'),
 (12,'Bug C - 5','Bug C - 5 Langtext\nNeue Schätzung: 2h (+1)','Bug C - 5 Langtext\nNeue Schätzung: 2h (+1)'),
 (13,'Bug C - 6','Bug C - 6 Langtext\nNeue Schätzung: 2h (-1)','Bug C - 6 Langtext\nNeue Schätzung: 2h (-1)'),
 (14,'Bug C - 7','Bug C - 7 Langtext','Bug C - 7 Langtext');
UNLOCK TABLES;
/*!40000 ALTER TABLE `bugs_fulltext` ENABLE KEYS */;


--
-- Definition of table `bugzilla_test`.`bz_schema`
--

DROP TABLE IF EXISTS `bugzilla_test`.`bz_schema`;
CREATE TABLE  `bugzilla_test`.`bz_schema` (
  `schema_data` longblob NOT NULL,
  `version` decimal(3,2) NOT NULL
) ENGINE=InnoDB DEFAULT CHARSET=utf8;

--
-- Dumping data for table `bugzilla_test`.`bz_schema`
--

/*!40000 ALTER TABLE `bz_schema` DISABLE KEYS */;
LOCK TABLES `bz_schema` WRITE;
INSERT INTO `bugzilla_test`.`bz_schema` VALUES  (0x2456415231203D207B0A20202020202020202020276174746163685F6461746127203D3E207B0A2020202020202020202020202020202020202020202020202020202020274649454C445327203D3E205B0A20202020202020202020202020202020202020202020202020202020202020202020202020202020202020276964272C0A202020202020202020202020202020202020202020202020202020202020202020202020202020202020207B0A202020202020202020202020202020202020202020202020202020202020202020202020202020202020202020274E4F544E554C4C27203D3E20312C0A202020202020202020202020202020202020202020202020202020202020202020202020202020202020202020275052494D4152594B455927203D3E20312C0A202020202020202020202020202020202020202020202020202020202020202020202020202020202020202020275459504527203D3E2027494E5433270A202020202020202020202020202020202020202020202020202020202020202020202020202020202020207D2C0A202020202020202020202020202020202020202020202020202020202020202020202020202020202020202774686564617461272C0A202020202020202020202020202020202020202020202020202020202020202020202020202020202020207B0A202020202020202020202020202020202020202020202020202020202020202020202020202020202020202020274E4F544E554C4C27203D3E20312C0A202020202020202020202020202020202020202020202020202020202020202020202020202020202020202020275459504527203D3E20274C4F4E47424C4F42270A202020202020202020202020202020202020202020202020202020202020202020202020202020202020207D0A20202020202020202020202020202020202020202020202020202020202020202020202020202020205D0A2020202020202020202020202020202020202020202020202020207D2C0A20202020202020202020276174746163686D656E747327203D3E207B0A2020202020202020202020202020202020202020202020202020202020274649454C445327203D3E205B0A20202020202020202020202020202020202020202020202020202020202020202020202020202020202020276174746163685F6964272C0A202020202020202020202020202020202020202020202020202020202020202020202020202020202020207B0A202020202020202020202020202020202020202020202020202020202020202020202020202020202020202020274E4F544E554C4C27203D3E20312C0A202020202020202020202020202020202020202020202020202020202020202020202020202020202020202020275052494D4152594B455927203D3E20312C0A202020202020202020202020202020202020202020202020202020202020202020202020202020202020202020275459504527203D3E20274D454449554D53455249414C270A202020202020202020202020202020202020202020202020202020202020202020202020202020202020207D2C0A20202020202020202020202020202020202020202020202020202020202020202020202020202020202020276275675F6964272C0A202020202020202020202020202020202020202020202020202020202020202020202020202020202020207B0A202020202020202020202020202020202020202020202020202020202020202020202020202020202020202020274E4F544E554C4C27203D3E20312C0A202020202020202020202020202020202020202020202020202020202020202020202020202020202020202020275459504527203D3E2027494E5433270A202020202020202020202020202020202020202020202020202020202020202020202020202020202020207D2C0A20202020202020202020202020202020202020202020202020202020202020202020202020202020202020276372656174696F6E5F7473272C0A202020202020202020202020202020202020202020202020202020202020202020202020202020202020207B0A202020202020202020202020202020202020202020202020202020202020202020202020202020202020202020274E4F544E554C4C27203D3E20312C0A202020202020202020202020202020202020202020202020202020202020202020202020202020202020202020275459504527203D3E20274441544554494D45270A202020202020202020202020202020202020202020202020202020202020202020202020202020202020207D2C0A20202020202020202020202020202020202020202020202020202020202020202020202020202020202020276D6F64696669636174696F6E5F74696D65272C0A202020202020202020202020202020202020202020202020202020202020202020202020202020202020207B0A202020202020202020202020202020202020202020202020202020202020202020202020202020202020202020274E4F544E554C4C27203D3E20312C0A202020202020202020202020202020202020202020202020202020202020202020202020202020202020202020275459504527203D3E20274441544554494D45270A202020202020202020202020202020202020202020202020202020202020202020202020202020202020207D2C0A20202020202020202020202020202020202020202020202020202020202020202020202020202020202020276465736372697074696F6E272C0A202020202020202020202020202020202020202020202020202020202020202020202020202020202020207B0A202020202020202020202020202020202020202020202020202020202020202020202020202020202020202020274E4F544E554C4C27203D3E20312C0A202020202020202020202020202020202020202020202020202020202020202020202020202020202020202020275459504527203D3E202754494E5954455854270A202020202020202020202020202020202020202020202020202020202020202020202020202020202020207D2C0A20202020202020202020202020202020202020202020202020202020202020202020202020202020202020276D696D6574797065272C0A202020202020202020202020202020202020202020202020202020202020202020202020202020202020207B0A202020202020202020202020202020202020202020202020202020202020202020202020202020202020202020274E4F544E554C4C27203D3E20312C0A202020202020202020202020202020202020202020202020202020202020202020202020202020202020202020275459504527203D3E202754494E5954455854270A202020202020202020202020202020202020202020202020202020202020202020202020202020202020207D2C0A202020202020202020202020202020202020202020202020202020202020202020202020202020202020202769737061746368272C0A202020202020202020202020202020202020202020202020202020202020202020202020202020202020207B0A202020202020202020202020202020202020202020202020202020202020202020202020202020202020202020275459504527203D3E2027424F4F4C45414E270A202020202020202020202020202020202020202020202020202020202020202020202020202020202020207D2C0A202020202020202020202020202020202020202020202020202020202020202020202020202020202020202766696C656E616D65272C0A202020202020202020202020202020202020202020202020202020202020202020202020202020202020207B0A202020202020202020202020202020202020202020202020202020202020202020202020202020202020202020274E4F544E554C4C27203D3E20312C0A202020202020202020202020202020202020202020202020202020202020202020202020202020202020202020275459504527203D3E2027766172636861722831303029270A202020202020202020202020202020202020202020202020202020202020202020202020202020202020207D2C0A20202020202020202020202020202020202020202020202020202020202020202020202020202020202020277375626D69747465725F6964272C0A202020202020202020202020202020202020202020202020202020202020202020202020202020202020207B0A202020202020202020202020202020202020202020202020202020202020202020202020202020202020202020274E4F544E554C4C27203D3E20312C0A202020202020202020202020202020202020202020202020202020202020202020202020202020202020202020275245464552454E43455327203D3E207B0A20202020202020202020202020202020202020202020202020202020202020202020202020202020202020202020202020202020202020202020202020202027434F4C554D4E27203D3E2027757365726964272C0A202020202020202020202020202020202020202020202020202020202020202020202020202020202020202020202020202020202020202020202020202020275441424C4527203D3E202770726F66696C6573270A202020202020202020202020202020202020202020202020202020202020202020202020202020202020202020202020202020202020202020202020207D2C0A202020202020202020202020202020202020202020202020202020202020202020202020202020202020202020275459504527203D3E2027494E5433270A202020202020202020202020202020202020202020202020202020202020202020202020202020202020207D2C0A202020202020202020202020202020202020202020202020202020202020202020202020202020202020202769736F62736F6C657465272C0A202020202020202020202020202020202020202020202020202020202020202020202020202020202020207B0A2020202020202020202020202020202020202020202020202020202020202020202020202020202020202020202744454641554C5427203D3E202746414C5345272C0A202020202020202020202020202020202020202020202020202020202020202020202020202020202020202020274E4F544E554C4C27203D3E20312C0A202020202020202020202020202020202020202020202020202020202020202020202020202020202020202020275459504527203D3E2027424F4F4C45414E270A202020202020202020202020202020202020202020202020202020202020202020202020202020202020207D2C0A2020202020202020202020202020202020202020202020202020202020202020202020202020202020202027697370726976617465272C0A202020202020202020202020202020202020202020202020202020202020202020202020202020202020207B0A2020202020202020202020202020202020202020202020202020202020202020202020202020202020202020202744454641554C5427203D3E202746414C5345272C0A202020202020202020202020202020202020202020202020202020202020202020202020202020202020202020274E4F544E554C4C27203D3E20312C0A202020202020202020202020202020202020202020202020202020202020202020202020202020202020202020275459504527203D3E2027424F4F4C45414E270A202020202020202020202020202020202020202020202020202020202020202020202020202020202020207D2C0A2020202020202020202020202020202020202020202020202020202020202020202020202020202020202027697375726C272C0A202020202020202020202020202020202020202020202020202020202020202020202020202020202020207B0A2020202020202020202020202020202020202020202020202020202020202020202020202020202020202020202744454641554C5427203D3E202746414C5345272C0A202020202020202020202020202020202020202020202020202020202020202020202020202020202020202020274E4F544E554C4C27203D3E20312C0A202020202020202020202020202020202020202020202020202020202020202020202020202020202020202020275459504527203D3E2027424F4F4C45414E270A202020202020202020202020202020202020202020202020202020202020202020202020202020202020207D0A20202020202020202020202020202020202020202020202020202020202020202020202020202020205D2C0A202020202020202020202020202020202020202020202020202020202027494E444558455327203D3E205B0A2020202020202020202020202020202020202020202020202020202020202020202020202020202020202020276174746163686D656E74735F6275675F69645F696478272C0A20202020202020202020202020202020202020202020202020202020202020202020202020202020202020205B0A20202020202020202020202020202020202020202020202020202020202020202020202020202020202020202020276275675F6964270A20202020202020202020202020202020202020202020202020202020202020202020202020202020202020205D2C0A2020202020202020202020202020202020202020202020202020202020202020202020202020202020202020276174746163686D656E74735F6372656174696F6E5F74735F696478272C0A20202020202020202020202020202020202020202020202020202020202020202020202020202020202020205B0A20202020202020202020202020202020202020202020202020202020202020202020202020202020202020202020276372656174696F6E5F7473270A20202020202020202020202020202020202020202020202020202020202020202020202020202020202020205D2C0A2020202020202020202020202020202020202020202020202020202020202020202020202020202020202020276174746163686D656E74735F6D6F64696669636174696F6E5F74696D655F696478272C0A20202020202020202020202020202020202020202020202020202020202020202020202020202020202020205B0A20202020202020202020202020202020202020202020202020202020202020202020202020202020202020202020276D6F64696669636174696F6E5F74696D65270A20202020202020202020202020202020202020202020202020202020202020202020202020202020202020205D2C0A2020202020202020202020202020202020202020202020202020202020202020202020202020202020202020276174746163686D656E74735F7375626D69747465725F69645F696478272C0A20202020202020202020202020202020202020202020202020202020202020202020202020202020202020205B0A20202020202020202020202020202020202020202020202020202020202020202020202020202020202020202020277375626D69747465725F6964272C0A20202020202020202020202020202020202020202020202020202020202020202020202020202020202020202020276275675F6964270A20202020202020202020202020202020202020202020202020202020202020202020202020202020202020205D0A2020202020202020202020202020202020202020202020202020202020202020202020202020202020205D0A2020202020202020202020202020202020202020202020202020207D2C0A20202020202020202020276275675F67726F75705F6D617027203D3E207B0A20202020202020202020202020202020202020202020202020202020202020274649454C445327203D3E205B0A202020202020202020202020202020202020202020202020202020202020202020202020202020202020202020276275675F6964272C0A2020202020202020202020202020202020202020202020202020202020202020202020202020202020202020207B0A2020202020202020202020202020202020202020202020202020202020202020202020202020202020202020202020274E4F544E554C4C27203D3E20312C0A2020202020202020202020202020202020202020202020202020202020202020202020202020202020202020202020275459504527203D3E2027494E5433270A2020202020202020202020202020202020202020202020202020202020202020202020202020202020202020207D2C0A2020202020202020202020202020202020202020202020202020202020202020202020202020202020202020202767726F75705F6964272C0A2020202020202020202020202020202020202020202020202020202020202020202020202020202020202020207B0A2020202020202020202020202020202020202020202020202020202020202020202020202020202020202020202020274E4F544E554C4C27203D3E20312C0A2020202020202020202020202020202020202020202020202020202020202020202020202020202020202020202020275459504527203D3E2027494E5433270A2020202020202020202020202020202020202020202020202020202020202020202020202020202020202020207D0A202020202020202020202020202020202020202020202020202020202020202020202020202020202020205D2C0A2020202020202020202020202020202020202020202020202020202020202027494E444558455327203D3E205B0A20202020202020202020202020202020202020202020202020202020202020202020202020202020202020202020276275675F67726F75705F6D61705F6275675F69645F696478272C0A202020202020202020202020202020202020202020202020202020202020202020202020202020202020202020207B0A202020202020202020202020202020202020202020202020202020202020202020202020202020202020202020202020274649454C445327203D3E205B0A2020202020202020202020202020202020202020202020202020202020202020202020202020202020202020202020202020202020202020202020202020276275675F6964272C0A20202020202020202020202020202020202020202020202020202020202020202020202020202020202020202020202020202020202020202020202020202767726F75705F6964270A2020202020202020202020202020202020202020202020202020202020202020202020202020202020202020202020202020202020202020202020205D2C0A202020202020202020202020202020202020202020202020202020202020202020202020202020202020202020202020275459504527203D3E2027554E49515545270A202020202020202020202020202020202020202020202020202020202020202020202020202020202020202020207D2C0A20202020202020202020202020202020202020202020202020202020202020202020202020202020202020202020276275675F67726F75705F6D61705F67726F75705F69645F696478272C0A202020202020202020202020202020202020202020202020202020202020202020202020202020202020202020205B0A2020202020202020202020202020202020202020202020202020202020202020202020202020202020202020202020202767726F75705F6964270A202020202020202020202020202020202020202020202020202020202020202020202020202020202020202020205D0A20202020202020202020202020202020202020202020202020202020202020202020202020202020202020205D0A20202020202020202020202020202020202020202020202020202020207D2C0A20202020202020202020276275675F736576657269747927203D3E207B0A202020202020202020202020202020202020202020202020202020202020274649454C445327203D3E205B0A2020202020202020202020202020202020202020202020202020202020202020202020202020202020202020276964272C0A20202020202020202020202020202020202020202020202020202020202020202020202020202020202020207B0A20202020202020202020202020202020202020202020202020202020202020202020202020202020202020202020274E4F544E554C4C27203D3E20312C0A20202020202020202020202020202020202020202020202020202020202020202020202020202020202020202020275052494D4152594B455927203D3E20312C0A20202020202020202020202020202020202020202020202020202020202020202020202020202020202020202020275459504527203D3E2027534D414C4C53455249414C270A20202020202020202020202020202020202020202020202020202020202020202020202020202020202020207D2C0A20202020202020202020202020202020202020202020202020202020202020202020202020202020202020202776616C7565272C0A20202020202020202020202020202020202020202020202020202020202020202020202020202020202020207B0A20202020202020202020202020202020202020202020202020202020202020202020202020202020202020202020274E4F544E554C4C27203D3E20312C0A20202020202020202020202020202020202020202020202020202020202020202020202020202020202020202020275459504527203D3E20277661726368617228363429270A20202020202020202020202020202020202020202020202020202020202020202020202020202020202020207D2C0A202020202020202020202020202020202020202020202020202020202020202020202020202020202020202027736F72746B6579272C0A20202020202020202020202020202020202020202020202020202020202020202020202020202020202020207B0A202020202020202020202020202020202020202020202020202020202020202020202020202020202020202020202744454641554C5427203D3E20302C0A20202020202020202020202020202020202020202020202020202020202020202020202020202020202020202020274E4F544E554C4C27203D3E20312C0A20202020202020202020202020202020202020202020202020202020202020202020202020202020202020202020275459504527203D3E2027494E5432270A20202020202020202020202020202020202020202020202020202020202020202020202020202020202020207D2C0A2020202020202020202020202020202020202020202020202020202020202020202020202020202020202020276973616374697665272C0A20202020202020202020202020202020202020202020202020202020202020202020202020202020202020207B0A202020202020202020202020202020202020202020202020202020202020202020202020202020202020202020202744454641554C5427203D3E202754525545272C0A20202020202020202020202020202020202020202020202020202020202020202020202020202020202020202020274E4F544E554C4C27203D3E20312C0A20202020202020202020202020202020202020202020202020202020202020202020202020202020202020202020275459504527203D3E2027424F4F4C45414E270A20202020202020202020202020202020202020202020202020202020202020202020202020202020202020207D0A2020202020202020202020202020202020202020202020202020202020202020202020202020202020205D2C0A20202020202020202020202020202020202020202020202020202020202027494E444558455327203D3E205B0A202020202020202020202020202020202020202020202020202020202020202020202020202020202020202020276275675F73657665726974795F76616C75655F696478272C0A2020202020202020202020202020202020202020202020202020202020202020202020202020202020202020207B0A2020202020202020202020202020202020202020202020202020202020202020202020202020202020202020202020274649454C445327203D3E205B0A202020202020202020202020202020202020202020202020202020202020202020202020202020202020202020202020202020202020202020202020202776616C7565270A20202020202020202020202020202020202020202020202020202020202020202020202020202020202020202020202020202020202020202020205D2C0A2020202020202020202020202020202020202020202020202020202020202020202020202020202020202020202020275459504527203D3E2027554E49515545270A2020202020202020202020202020202020202020202020202020202020202020202020202020202020202020207D2C0A202020202020202020202020202020202020202020202020202020202020202020202020202020202020202020276275675F73657665726974795F736F72746B65795F696478272C0A2020202020202020202020202020202020202020202020202020202020202020202020202020202020202020205B0A202020202020202020202020202020202020202020202020202020202020202020202020202020202020202020202027736F72746B6579272C0A20202020202020202020202020202020202020202020202020202020202020202020202020202020202020202020202776616C7565270A2020202020202020202020202020202020202020202020202020202020202020202020202020202020202020205D0A202020202020202020202020202020202020202020202020202020202020202020202020202020202020205D0A202020202020202020202020202020202020202020202020202020207D2C0A20202020202020202020276275675F73746174757327203D3E207B0A20202020202020202020202020202020202020202020202020202020274649454C445327203D3E205B0A202020202020202020202020202020202020202020202020202020202020202020202020202020202020276964272C0A2020202020202020202020202020202020202020202020202020202020202020202020202020202020207B0A2020202020202020202020202020202020202020202020202020202020202020202020202020202020202020274E4F544E554C4C27203D3E20312C0A2020202020202020202020202020202020202020202020202020202020202020202020202020202020202020275052494D4152594B455927203D3E20312C0A2020202020202020202020202020202020202020202020202020202020202020202020202020202020202020275459504527203D3E2027534D414C4C53455249414C270A2020202020202020202020202020202020202020202020202020202020202020202020202020202020207D2C0A2020202020202020202020202020202020202020202020202020202020202020202020202020202020202776616C7565272C0A2020202020202020202020202020202020202020202020202020202020202020202020202020202020207B0A2020202020202020202020202020202020202020202020202020202020202020202020202020202020202020274E4F544E554C4C27203D3E20312C0A2020202020202020202020202020202020202020202020202020202020202020202020202020202020202020275459504527203D3E20277661726368617228363429270A2020202020202020202020202020202020202020202020202020202020202020202020202020202020207D2C0A20202020202020202020202020202020202020202020202020202020202020202020202020202020202027736F72746B6579272C0A2020202020202020202020202020202020202020202020202020202020202020202020202020202020207B0A20202020202020202020202020202020202020202020202020202020202020202020202020202020202020202744454641554C5427203D3E20302C0A2020202020202020202020202020202020202020202020202020202020202020202020202020202020202020274E4F544E554C4C27203D3E20312C0A2020202020202020202020202020202020202020202020202020202020202020202020202020202020202020275459504527203D3E2027494E5432270A2020202020202020202020202020202020202020202020202020202020202020202020202020202020207D2C0A202020202020202020202020202020202020202020202020202020202020202020202020202020202020276973616374697665272C0A2020202020202020202020202020202020202020202020202020202020202020202020202020202020207B0A20202020202020202020202020202020202020202020202020202020202020202020202020202020202020202744454641554C5427203D3E202754525545272C0A2020202020202020202020202020202020202020202020202020202020202020202020202020202020202020274E4F544E554C4C27203D3E20312C0A2020202020202020202020202020202020202020202020202020202020202020202020202020202020202020275459504527203D3E2027424F4F4C45414E270A2020202020202020202020202020202020202020202020202020202020202020202020202020202020207D2C0A2020202020202020202020202020202020202020202020202020202020202020202020202020202020202769735F6F70656E272C0A2020202020202020202020202020202020202020202020202020202020202020202020202020202020207B0A20202020202020202020202020202020202020202020202020202020202020202020202020202020202020202744454641554C5427203D3E202754525545272C0A2020202020202020202020202020202020202020202020202020202020202020202020202020202020202020274E4F544E554C4C27203D3E20312C0A2020202020202020202020202020202020202020202020202020202020202020202020202020202020202020275459504527203D3E2027424F4F4C45414E270A2020202020202020202020202020202020202020202020202020202020202020202020202020202020207D0A202020202020202020202020202020202020202020202020202020202020202020202020202020205D2C0A2020202020202020202020202020202020202020202020202020202027494E444558455327203D3E205B0A20202020202020202020202020202020202020202020202020202020202020202020202020202020202020276275675F7374617475735F76616C75655F696478272C0A202020202020202020202020202020202020202020202020202020202020202020202020202020202020207B0A202020202020202020202020202020202020202020202020202020202020202020202020202020202020202020274649454C445327203D3E205B0A20202020202020202020202020202020202020202020202020202020202020202020202020202020202020202020202020202020202020202020202776616C7565270A2020202020202020202020202020202020202020202020202020202020202020202020202020202020202020202020202020202020202020205D2C0A202020202020202020202020202020202020202020202020202020202020202020202020202020202020202020275459504527203D3E2027554E49515545270A202020202020202020202020202020202020202020202020202020202020202020202020202020202020207D2C0A20202020202020202020202020202020202020202020202020202020202020202020202020202020202020276275675F7374617475735F736F72746B65795F696478272C0A202020202020202020202020202020202020202020202020202020202020202020202020202020202020205B0A20202020202020202020202020202020202020202020202020202020202020202020202020202020202020202027736F72746B6579272C0A2020202020202020202020202020202020202020202020202020202020202020202020202020202020202020202776616C7565270A202020202020202020202020202020202020202020202020202020202020202020202020202020202020205D0A20202020202020202020202020202020202020202020202020202020202020202020202020202020205D0A20202020202020202020202020202020202020202020202020207D2C0A20202020202020202020276275677327203D3E207B0A20202020202020202020202020202020202020202020274649454C445327203D3E205B0A202020202020202020202020202020202020202020202020202020202020202020202020276275675F6964272C0A2020202020202020202020202020202020202020202020202020202020202020202020207B0A2020202020202020202020202020202020202020202020202020202020202020202020202020274E4F544E554C4C27203D3E20312C0A2020202020202020202020202020202020202020202020202020202020202020202020202020275052494D4152594B455927203D3E20312C0A2020202020202020202020202020202020202020202020202020202020202020202020202020275459504527203D3E20274D454449554D53455249414C270A2020202020202020202020202020202020202020202020202020202020202020202020207D2C0A2020202020202020202020202020202020202020202020202020202020202020202020202761737369676E65645F746F272C0A2020202020202020202020202020202020202020202020202020202020202020202020207B0A2020202020202020202020202020202020202020202020202020202020202020202020202020274E4F544E554C4C27203D3E20312C0A2020202020202020202020202020202020202020202020202020202020202020202020202020275459504527203D3E2027494E5433270A2020202020202020202020202020202020202020202020202020202020202020202020207D2C0A202020202020202020202020202020202020202020202020202020202020202020202020276275675F66696C655F6C6F63272C0A2020202020202020202020202020202020202020202020202020202020202020202020207B0A2020202020202020202020202020202020202020202020202020202020202020202020202020275459504527203D3E20274D454449554D54455854270A2020202020202020202020202020202020202020202020202020202020202020202020207D2C0A202020202020202020202020202020202020202020202020202020202020202020202020276275675F7365766572697479272C0A2020202020202020202020202020202020202020202020202020202020202020202020207B0A2020202020202020202020202020202020202020202020202020202020202020202020202020274E4F544E554C4C27203D3E20312C0A2020202020202020202020202020202020202020202020202020202020202020202020202020275459504527203D3E20277661726368617228363429270A2020202020202020202020202020202020202020202020202020202020202020202020207D2C0A202020202020202020202020202020202020202020202020202020202020202020202020276275675F737461747573272C0A2020202020202020202020202020202020202020202020202020202020202020202020207B0A2020202020202020202020202020202020202020202020202020202020202020202020202020274E4F544E554C4C27203D3E20312C0A2020202020202020202020202020202020202020202020202020202020202020202020202020275459504527203D3E20277661726368617228363429270A2020202020202020202020202020202020202020202020202020202020202020202020207D2C0A202020202020202020202020202020202020202020202020202020202020202020202020276372656174696F6E5F7473272C0A2020202020202020202020202020202020202020202020202020202020202020202020207B0A2020202020202020202020202020202020202020202020202020202020202020202020202020275459504527203D3E20274441544554494D45270A2020202020202020202020202020202020202020202020202020202020202020202020207D2C0A2020202020202020202020202020202020202020202020202020202020202020202020202764656C74615F7473272C0A2020202020202020202020202020202020202020202020202020202020202020202020207B0A2020202020202020202020202020202020202020202020202020202020202020202020202020274E4F544E554C4C27203D3E20312C0A2020202020202020202020202020202020202020202020202020202020202020202020202020275459504527203D3E20274441544554494D45270A2020202020202020202020202020202020202020202020202020202020202020202020207D2C0A2020202020202020202020202020202020202020202020202020202020202020202020202773686F72745F64657363272C0A2020202020202020202020202020202020202020202020202020202020202020202020207B0A2020202020202020202020202020202020202020202020202020202020202020202020202020274E4F544E554C4C27203D3E20312C0A2020202020202020202020202020202020202020202020202020202020202020202020202020275459504527203D3E2027766172636861722832353529270A2020202020202020202020202020202020202020202020202020202020202020202020207D2C0A202020202020202020202020202020202020202020202020202020202020202020202020276F705F737973272C0A2020202020202020202020202020202020202020202020202020202020202020202020207B0A2020202020202020202020202020202020202020202020202020202020202020202020202020274E4F544E554C4C27203D3E20312C0A2020202020202020202020202020202020202020202020202020202020202020202020202020275459504527203D3E20277661726368617228363429270A2020202020202020202020202020202020202020202020202020202020202020202020207D2C0A202020202020202020202020202020202020202020202020202020202020202020202020277072696F72697479272C0A2020202020202020202020202020202020202020202020202020202020202020202020207B0A2020202020202020202020202020202020202020202020202020202020202020202020202020274E4F544E554C4C27203D3E20312C0A2020202020202020202020202020202020202020202020202020202020202020202020202020275459504527203D3E20277661726368617228363429270A2020202020202020202020202020202020202020202020202020202020202020202020207D2C0A2020202020202020202020202020202020202020202020202020202020202020202020202770726F647563745F6964272C0A2020202020202020202020202020202020202020202020202020202020202020202020207B0A2020202020202020202020202020202020202020202020202020202020202020202020202020274E4F544E554C4C27203D3E20312C0A2020202020202020202020202020202020202020202020202020202020202020202020202020275459504527203D3E2027494E5432270A2020202020202020202020202020202020202020202020202020202020202020202020207D2C0A202020202020202020202020202020202020202020202020202020202020202020202020277265705F706C6174666F726D272C0A2020202020202020202020202020202020202020202020202020202020202020202020207B0A2020202020202020202020202020202020202020202020202020202020202020202020202020274E4F544E554C4C27203D3E20312C0A2020202020202020202020202020202020202020202020202020202020202020202020202020275459504527203D3E20277661726368617228363429270A2020202020202020202020202020202020202020202020202020202020202020202020207D2C0A202020202020202020202020202020202020202020202020202020202020202020202020277265706F72746572272C0A2020202020202020202020202020202020202020202020202020202020202020202020207B0A2020202020202020202020202020202020202020202020202020202020202020202020202020274E4F544E554C4C27203D3E20312C0A2020202020202020202020202020202020202020202020202020202020202020202020202020275459504527203D3E2027494E5433270A2020202020202020202020202020202020202020202020202020202020202020202020207D2C0A2020202020202020202020202020202020202020202020202020202020202020202020202776657273696F6E272C0A2020202020202020202020202020202020202020202020202020202020202020202020207B0A2020202020202020202020202020202020202020202020202020202020202020202020202020274E4F544E554C4C27203D3E20312C0A2020202020202020202020202020202020202020202020202020202020202020202020202020275459504527203D3E20277661726368617228363429270A2020202020202020202020202020202020202020202020202020202020202020202020207D2C0A20202020202020202020202020202020202020202020202020202020202020202020202027636F6D706F6E656E745F6964272C0A2020202020202020202020202020202020202020202020202020202020202020202020207B0A2020202020202020202020202020202020202020202020202020202020202020202020202020274E4F544E554C4C27203D3E20312C0A2020202020202020202020202020202020202020202020202020202020202020202020202020275459504527203D3E2027494E5432270A2020202020202020202020202020202020202020202020202020202020202020202020207D2C0A202020202020202020202020202020202020202020202020202020202020202020202020277265736F6C7574696F6E272C0A2020202020202020202020202020202020202020202020202020202020202020202020207B0A20202020202020202020202020202020202020202020202020202020202020202020202020202744454641554C5427203D3E20275C275C27272C0A2020202020202020202020202020202020202020202020202020202020202020202020202020274E4F544E554C4C27203D3E20312C0A2020202020202020202020202020202020202020202020202020202020202020202020202020275459504527203D3E20277661726368617228363429270A2020202020202020202020202020202020202020202020202020202020202020202020207D2C0A202020202020202020202020202020202020202020202020202020202020202020202020277461726765745F6D696C6573746F6E65272C0A2020202020202020202020202020202020202020202020202020202020202020202020207B0A20202020202020202020202020202020202020202020202020202020202020202020202020202744454641554C5427203D3E20275C272D2D2D5C27272C0A2020202020202020202020202020202020202020202020202020202020202020202020202020274E4F544E554C4C27203D3E20312C0A2020202020202020202020202020202020202020202020202020202020202020202020202020275459504527203D3E20277661726368617228323029270A2020202020202020202020202020202020202020202020202020202020202020202020207D2C0A2020202020202020202020202020202020202020202020202020202020202020202020202771615F636F6E74616374272C0A2020202020202020202020202020202020202020202020202020202020202020202020207B0A2020202020202020202020202020202020202020202020202020202020202020202020202020275459504527203D3E2027494E5433270A2020202020202020202020202020202020202020202020202020202020202020202020207D2C0A202020202020202020202020202020202020202020202020202020202020202020202020277374617475735F7768697465626F617264272C0A2020202020202020202020202020202020202020202020202020202020202020202020207B0A20202020202020202020202020202020202020202020202020202020202020202020202020202744454641554C5427203D3E20275C275C27272C0A2020202020202020202020202020202020202020202020202020202020202020202020202020274E4F544E554C4C27203D3E20312C0A2020202020202020202020202020202020202020202020202020202020202020202020202020275459504527203D3E20274D454449554D54455854270A2020202020202020202020202020202020202020202020202020202020202020202020207D2C0A20202020202020202020202020202020202020202020202020202020202020202020202027766F746573272C0A2020202020202020202020202020202020202020202020202020202020202020202020207B0A20202020202020202020202020202020202020202020202020202020202020202020202020202744454641554C5427203D3E202730272C0A2020202020202020202020202020202020202020202020202020202020202020202020202020274E4F544E554C4C27203D3E20312C0A2020202020202020202020202020202020202020202020202020202020202020202020202020275459504527203D3E2027494E5433270A2020202020202020202020202020202020202020202020202020202020202020202020207D2C0A202020202020202020202020202020202020202020202020202020202020202020202020276B6579776F726473272C0A2020202020202020202020202020202020202020202020202020202020202020202020207B0A20202020202020202020202020202020202020202020202020202020202020202020202020202744454641554C5427203D3E20275C275C27272C0A2020202020202020202020202020202020202020202020202020202020202020202020202020274E4F544E554C4C27203D3E20312C0A2020202020202020202020202020202020202020202020202020202020202020202020202020275459504527203D3E20274D454449554D54455854270A2020202020202020202020202020202020202020202020202020202020202020202020207D2C0A202020202020202020202020202020202020202020202020202020202020202020202020276C617374646966666564272C0A2020202020202020202020202020202020202020202020202020202020202020202020207B0A2020202020202020202020202020202020202020202020202020202020202020202020202020275459504527203D3E20274441544554494D45270A2020202020202020202020202020202020202020202020202020202020202020202020207D2C0A2020202020202020202020202020202020202020202020202020202020202020202020202765766572636F6E6669726D6564272C0A2020202020202020202020202020202020202020202020202020202020202020202020207B0A2020202020202020202020202020202020202020202020202020202020202020202020202020274E4F544E554C4C27203D3E20312C0A2020202020202020202020202020202020202020202020202020202020202020202020202020275459504527203D3E2027424F4F4C45414E270A2020202020202020202020202020202020202020202020202020202020202020202020207D2C0A202020202020202020202020202020202020202020202020202020202020202020202020277265706F727465725F61636365737369626C65272C0A2020202020202020202020202020202020202020202020202020202020202020202020207B0A20202020202020202020202020202020202020202020202020202020202020202020202020202744454641554C5427203D3E202754525545272C0A2020202020202020202020202020202020202020202020202020202020202020202020202020274E4F544E554C4C27203D3E20312C0A2020202020202020202020202020202020202020202020202020202020202020202020202020275459504527203D3E2027424F4F4C45414E270A2020202020202020202020202020202020202020202020202020202020202020202020207D2C0A2020202020202020202020202020202020202020202020202020202020202020202020202763636C6973745F61636365737369626C65272C0A2020202020202020202020202020202020202020202020202020202020202020202020207B0A20202020202020202020202020202020202020202020202020202020202020202020202020202744454641554C5427203D3E202754525545272C0A2020202020202020202020202020202020202020202020202020202020202020202020202020274E4F544E554C4C27203D3E20312C0A2020202020202020202020202020202020202020202020202020202020202020202020202020275459504527203D3E2027424F4F4C45414E270A2020202020202020202020202020202020202020202020202020202020202020202020207D2C0A20202020202020202020202020202020202020202020202020202020202020202020202027657374696D617465645F74696D65272C0A2020202020202020202020202020202020202020202020202020202020202020202020207B0A20202020202020202020202020202020202020202020202020202020202020202020202020202744454641554C5427203D3E202730272C0A2020202020202020202020202020202020202020202020202020202020202020202020202020274E4F544E554C4C27203D3E20312C0A2020202020202020202020202020202020202020202020202020202020202020202020202020275459504527203D3E2027646563696D616C28352C3229270A2020202020202020202020202020202020202020202020202020202020202020202020207D2C0A2020202020202020202020202020202020202020202020202020202020202020202020202772656D61696E696E675F74696D65272C0A2020202020202020202020202020202020202020202020202020202020202020202020207B0A20202020202020202020202020202020202020202020202020202020202020202020202020202744454641554C5427203D3E202730272C0A2020202020202020202020202020202020202020202020202020202020202020202020202020274E4F544E554C4C27203D3E20312C0A2020202020202020202020202020202020202020202020202020202020202020202020202020275459504527203D3E2027646563696D616C28352C3229270A2020202020202020202020202020202020202020202020202020202020202020202020207D2C0A20202020202020202020202020202020202020202020202020202020202020202020202027646561646C696E65272C0A2020202020202020202020202020202020202020202020202020202020202020202020207B0A2020202020202020202020202020202020202020202020202020202020202020202020202020275459504527203D3E20274441544554494D45270A2020202020202020202020202020202020202020202020202020202020202020202020207D2C0A20202020202020202020202020202020202020202020202020202020202020202020202027616C696173272C0A2020202020202020202020202020202020202020202020202020202020202020202020207B0A2020202020202020202020202020202020202020202020202020202020202020202020202020275459504527203D3E20277661726368617228323029270A2020202020202020202020202020202020202020202020202020202020202020202020207D0A202020202020202020202020202020202020202020202020202020202020202020205D2C0A2020202020202020202020202020202020202020202027494E444558455327203D3E205B0A2020202020202020202020202020202020202020202020202020202020202020202020202027627567735F616C6961735F696478272C0A202020202020202020202020202020202020202020202020202020202020202020202020207B0A202020202020202020202020202020202020202020202020202020202020202020202020202020274649454C445327203D3E205B0A202020202020202020202020202020202020202020202020202020202020202020202020202020202020202020202020202020202027616C696173270A2020202020202020202020202020202020202020202020202020202020202020202020202020202020202020202020202020205D2C0A202020202020202020202020202020202020202020202020202020202020202020202020202020275459504527203D3E2027554E49515545270A202020202020202020202020202020202020202020202020202020202020202020202020207D2C0A2020202020202020202020202020202020202020202020202020202020202020202020202027627567735F61737369676E65645F746F5F696478272C0A202020202020202020202020202020202020202020202020202020202020202020202020205B0A2020202020202020202020202020202020202020202020202020202020202020202020202020202761737369676E65645F746F270A202020202020202020202020202020202020202020202020202020202020202020202020205D2C0A2020202020202020202020202020202020202020202020202020202020202020202020202027627567735F6372656174696F6E5F74735F696478272C0A202020202020202020202020202020202020202020202020202020202020202020202020205B0A202020202020202020202020202020202020202020202020202020202020202020202020202020276372656174696F6E5F7473270A202020202020202020202020202020202020202020202020202020202020202020202020205D2C0A2020202020202020202020202020202020202020202020202020202020202020202020202027627567735F64656C74615F74735F696478272C0A202020202020202020202020202020202020202020202020202020202020202020202020205B0A2020202020202020202020202020202020202020202020202020202020202020202020202020202764656C74615F7473270A202020202020202020202020202020202020202020202020202020202020202020202020205D2C0A2020202020202020202020202020202020202020202020202020202020202020202020202027627567735F6275675F73657665726974795F696478272C0A202020202020202020202020202020202020202020202020202020202020202020202020205B0A202020202020202020202020202020202020202020202020202020202020202020202020202020276275675F7365766572697479270A202020202020202020202020202020202020202020202020202020202020202020202020205D2C0A2020202020202020202020202020202020202020202020202020202020202020202020202027627567735F6275675F7374617475735F696478272C0A202020202020202020202020202020202020202020202020202020202020202020202020205B0A202020202020202020202020202020202020202020202020202020202020202020202020202020276275675F737461747573270A202020202020202020202020202020202020202020202020202020202020202020202020205D2C0A2020202020202020202020202020202020202020202020202020202020202020202020202027627567735F6F705F7379735F696478272C0A202020202020202020202020202020202020202020202020202020202020202020202020205B0A202020202020202020202020202020202020202020202020202020202020202020202020202020276F705F737973270A202020202020202020202020202020202020202020202020202020202020202020202020205D2C0A2020202020202020202020202020202020202020202020202020202020202020202020202027627567735F7072696F726974795F696478272C0A202020202020202020202020202020202020202020202020202020202020202020202020205B0A202020202020202020202020202020202020202020202020202020202020202020202020202020277072696F72697479270A202020202020202020202020202020202020202020202020202020202020202020202020205D2C0A2020202020202020202020202020202020202020202020202020202020202020202020202027627567735F70726F647563745F69645F696478272C0A202020202020202020202020202020202020202020202020202020202020202020202020205B0A2020202020202020202020202020202020202020202020202020202020202020202020202020202770726F647563745F6964270A202020202020202020202020202020202020202020202020202020202020202020202020205D2C0A2020202020202020202020202020202020202020202020202020202020202020202020202027627567735F7265706F727465725F696478272C0A202020202020202020202020202020202020202020202020202020202020202020202020205B0A202020202020202020202020202020202020202020202020202020202020202020202020202020277265706F72746572270A202020202020202020202020202020202020202020202020202020202020202020202020205D2C0A2020202020202020202020202020202020202020202020202020202020202020202020202027627567735F76657273696F6E5F696478272C0A202020202020202020202020202020202020202020202020202020202020202020202020205B0A2020202020202020202020202020202020202020202020202020202020202020202020202020202776657273696F6E270A202020202020202020202020202020202020202020202020202020202020202020202020205D2C0A2020202020202020202020202020202020202020202020202020202020202020202020202027627567735F636F6D706F6E656E745F69645F696478272C0A202020202020202020202020202020202020202020202020202020202020202020202020205B0A20202020202020202020202020202020202020202020202020202020202020202020202020202027636F6D706F6E656E745F6964270A202020202020202020202020202020202020202020202020202020202020202020202020205D2C0A2020202020202020202020202020202020202020202020202020202020202020202020202027627567735F7265736F6C7574696F6E5F696478272C0A202020202020202020202020202020202020202020202020202020202020202020202020205B0A202020202020202020202020202020202020202020202020202020202020202020202020202020277265736F6C7574696F6E270A202020202020202020202020202020202020202020202020202020202020202020202020205D2C0A2020202020202020202020202020202020202020202020202020202020202020202020202027627567735F7461726765745F6D696C6573746F6E655F696478272C0A202020202020202020202020202020202020202020202020202020202020202020202020205B0A202020202020202020202020202020202020202020202020202020202020202020202020202020277461726765745F6D696C6573746F6E65270A202020202020202020202020202020202020202020202020202020202020202020202020205D2C0A2020202020202020202020202020202020202020202020202020202020202020202020202027627567735F71615F636F6E746163745F696478272C0A202020202020202020202020202020202020202020202020202020202020202020202020205B0A2020202020202020202020202020202020202020202020202020202020202020202020202020202771615F636F6E74616374270A202020202020202020202020202020202020202020202020202020202020202020202020205D2C0A2020202020202020202020202020202020202020202020202020202020202020202020202027627567735F766F7465735F696478272C0A202020202020202020202020202020202020202020202020202020202020202020202020205B0A20202020202020202020202020202020202020202020202020202020202020202020202020202027766F746573270A202020202020202020202020202020202020202020202020202020202020202020202020205D0A20202020202020202020202020202020202020202020202020202020202020202020205D0A20202020202020202020202020202020202020207D2C0A2020202020202020202027627567735F616374697669747927203D3E207B0A20202020202020202020202020202020202020202020202020202020202020274649454C445327203D3E205B0A202020202020202020202020202020202020202020202020202020202020202020202020202020202020202020276275675F6964272C0A2020202020202020202020202020202020202020202020202020202020202020202020202020202020202020207B0A2020202020202020202020202020202020202020202020202020202020202020202020202020202020202020202020274E4F544E554C4C27203D3E20312C0A2020202020202020202020202020202020202020202020202020202020202020202020202020202020202020202020275459504527203D3E2027494E5433270A2020202020202020202020202020202020202020202020202020202020202020202020202020202020202020207D2C0A202020202020202020202020202020202020202020202020202020202020202020202020202020202020202020276174746163685F6964272C0A2020202020202020202020202020202020202020202020202020202020202020202020202020202020202020207B0A2020202020202020202020202020202020202020202020202020202020202020202020202020202020202020202020275459504527203D3E2027494E5433270A2020202020202020202020202020202020202020202020202020202020202020202020202020202020202020207D2C0A2020202020202020202020202020202020202020202020202020202020202020202020202020202020202020202777686F272C0A2020202020202020202020202020202020202020202020202020202020202020202020202020202020202020207B0A2020202020202020202020202020202020202020202020202020202020202020202020202020202020202020202020274E4F544E554C4C27203D3E20312C0A2020202020202020202020202020202020202020202020202020202020202020202020202020202020202020202020275245464552454E43455327203D3E207B0A202020202020202020202020202020202020202020202020202020202020202020202020202020202020202020202020202020202020202020202020202020202027434F4C554D4E27203D3E2027757365726964272C0A2020202020202020202020202020202020202020202020202020202020202020202020202020202020202020202020202020202020202020202020202020202020275441424C4527203D3E202770726F66696C6573270A2020202020202020202020202020202020202020202020202020202020202020202020202020202020202020202020202020202020202020202020202020207D2C0A2020202020202020202020202020202020202020202020202020202020202020202020202020202020202020202020275459504527203D3E2027494E5433270A2020202020202020202020202020202020202020202020202020202020202020202020202020202020202020207D2C0A202020202020202020202020202020202020202020202020202020202020202020202020202020202020202020276275675F7768656E272C0A2020202020202020202020202020202020202020202020202020202020202020202020202020202020202020207B0A2020202020202020202020202020202020202020202020202020202020202020202020202020202020202020202020274E4F544E554C4C27203D3E20312C0A2020202020202020202020202020202020202020202020202020202020202020202020202020202020202020202020275459504527203D3E20274441544554494D45270A2020202020202020202020202020202020202020202020202020202020202020202020202020202020202020207D2C0A202020202020202020202020202020202020202020202020202020202020202020202020202020202020202020276669656C646964272C0A2020202020202020202020202020202020202020202020202020202020202020202020202020202020202020207B0A2020202020202020202020202020202020202020202020202020202020202020202020202020202020202020202020274E4F544E554C4C27203D3E20312C0A2020202020202020202020202020202020202020202020202020202020202020202020202020202020202020202020275459504527203D3E2027494E5433270A2020202020202020202020202020202020202020202020202020202020202020202020202020202020202020207D2C0A202020202020202020202020202020202020202020202020202020202020202020202020202020202020202020276164646564272C0A2020202020202020202020202020202020202020202020202020202020202020202020202020202020202020207B0A2020202020202020202020202020202020202020202020202020202020202020202020202020202020202020202020275459504527203D3E202754494E5954455854270A2020202020202020202020202020202020202020202020202020202020202020202020202020202020202020207D2C0A2020202020202020202020202020202020202020202020202020202020202020202020202020202020202020202772656D6F766564272C0A2020202020202020202020202020202020202020202020202020202020202020202020202020202020202020207B0A2020202020202020202020202020202020202020202020202020202020202020202020202020202020202020202020275459504527203D3E202754494E5954455854270A2020202020202020202020202020202020202020202020202020202020202020202020202020202020202020207D0A202020202020202020202020202020202020202020202020202020202020202020202020202020202020205D2C0A2020202020202020202020202020202020202020202020202020202020202027494E444558455327203D3E205B0A2020202020202020202020202020202020202020202020202020202020202020202020202020202020202020202027627567735F61637469766974795F6275675F69645F696478272C0A202020202020202020202020202020202020202020202020202020202020202020202020202020202020202020205B0A202020202020202020202020202020202020202020202020202020202020202020202020202020202020202020202020276275675F6964270A202020202020202020202020202020202020202020202020202020202020202020202020202020202020202020205D2C0A2020202020202020202020202020202020202020202020202020202020202020202020202020202020202020202027627567735F61637469766974795F77686F5F696478272C0A202020202020202020202020202020202020202020202020202020202020202020202020202020202020202020205B0A2020202020202020202020202020202020202020202020202020202020202020202020202020202020202020202020202777686F270A202020202020202020202020202020202020202020202020202020202020202020202020202020202020202020205D2C0A2020202020202020202020202020202020202020202020202020202020202020202020202020202020202020202027627567735F61637469766974795F6275675F7768656E5F696478272C0A202020202020202020202020202020202020202020202020202020202020202020202020202020202020202020205B0A202020202020202020202020202020202020202020202020202020202020202020202020202020202020202020202020276275675F7768656E270A202020202020202020202020202020202020202020202020202020202020202020202020202020202020202020205D2C0A2020202020202020202020202020202020202020202020202020202020202020202020202020202020202020202027627567735F61637469766974795F6669656C6469645F696478272C0A202020202020202020202020202020202020202020202020202020202020202020202020202020202020202020205B0A202020202020202020202020202020202020202020202020202020202020202020202020202020202020202020202020276669656C646964270A202020202020202020202020202020202020202020202020202020202020202020202020202020202020202020205D0A20202020202020202020202020202020202020202020202020202020202020202020202020202020202020205D0A20202020202020202020202020202020202020202020202020202020207D2C0A2020202020202020202027627567735F66756C6C7465787427203D3E207B0A20202020202020202020202020202020202020202020202020202020202020274649454C445327203D3E205B0A202020202020202020202020202020202020202020202020202020202020202020202020202020202020202020276275675F6964272C0A2020202020202020202020202020202020202020202020202020202020202020202020202020202020202020207B0A2020202020202020202020202020202020202020202020202020202020202020202020202020202020202020202020274E4F544E554C4C27203D3E20312C0A2020202020202020202020202020202020202020202020202020202020202020202020202020202020202020202020275052494D4152594B455927203D3E20312C0A2020202020202020202020202020202020202020202020202020202020202020202020202020202020202020202020275245464552454E43455327203D3E207B0A202020202020202020202020202020202020202020202020202020202020202020202020202020202020202020202020202020202020202020202020202020202027434F4C554D4E27203D3E20276275675F6964272C0A20202020202020202020202020202020202020202020202020202020202020202020202020202020202020202020202020202020202020202020202020202020202744454C45544527203D3E202743415343414445272C0A2020202020202020202020202020202020202020202020202020202020202020202020202020202020202020202020202020202020202020202020202020202020275441424C4527203D3E202762756773270A2020202020202020202020202020202020202020202020202020202020202020202020202020202020202020202020202020202020202020202020202020207D2C0A2020202020202020202020202020202020202020202020202020202020202020202020202020202020202020202020275459504527203D3E2027494E5433270A2020202020202020202020202020202020202020202020202020202020202020202020202020202020202020207D2C0A2020202020202020202020202020202020202020202020202020202020202020202020202020202020202020202773686F72745F64657363272C0A2020202020202020202020202020202020202020202020202020202020202020202020202020202020202020207B0A2020202020202020202020202020202020202020202020202020202020202020202020202020202020202020202020274E4F544E554C4C27203D3E20312C0A2020202020202020202020202020202020202020202020202020202020202020202020202020202020202020202020275459504527203D3E2027766172636861722832353529270A2020202020202020202020202020202020202020202020202020202020202020202020202020202020202020207D2C0A20202020202020202020202020202020202020202020202020202020202020202020202020202020202020202027636F6D6D656E7473272C0A2020202020202020202020202020202020202020202020202020202020202020202020202020202020202020207B0A2020202020202020202020202020202020202020202020202020202020202020202020202020202020202020202020275459504527203D3E20274C4F4E4754455854270A2020202020202020202020202020202020202020202020202020202020202020202020202020202020202020207D2C0A20202020202020202020202020202020202020202020202020202020202020202020202020202020202020202027636F6D6D656E74735F6E6F70726976617465272C0A2020202020202020202020202020202020202020202020202020202020202020202020202020202020202020207B0A2020202020202020202020202020202020202020202020202020202020202020202020202020202020202020202020275459504527203D3E20274C4F4E4754455854270A2020202020202020202020202020202020202020202020202020202020202020202020202020202020202020207D0A202020202020202020202020202020202020202020202020202020202020202020202020202020202020205D2C0A2020202020202020202020202020202020202020202020202020202020202027494E444558455327203D3E205B0A2020202020202020202020202020202020202020202020202020202020202020202020202020202020202020202027627567735F66756C6C746578745F73686F72745F646573635F696478272C0A202020202020202020202020202020202020202020202020202020202020202020202020202020202020202020207B0A202020202020202020202020202020202020202020202020202020202020202020202020202020202020202020202020274649454C445327203D3E205B0A20202020202020202020202020202020202020202020202020202020202020202020202020202020202020202020202020202020202020202020202020202773686F72745F64657363270A2020202020202020202020202020202020202020202020202020202020202020202020202020202020202020202020202020202020202020202020205D2C0A202020202020202020202020202020202020202020202020202020202020202020202020202020202020202020202020275459504527203D3E202746554C4C54455854270A202020202020202020202020202020202020202020202020202020202020202020202020202020202020202020207D2C0A2020202020202020202020202020202020202020202020202020202020202020202020202020202020202020202027627567735F66756C6C746578745F636F6D6D656E74735F696478272C0A202020202020202020202020202020202020202020202020202020202020202020202020202020202020202020207B0A202020202020202020202020202020202020202020202020202020202020202020202020202020202020202020202020274649454C445327203D3E205B0A202020202020202020202020202020202020202020202020202020202020202020202020202020202020202020202020202020202020202020202020202027636F6D6D656E7473270A2020202020202020202020202020202020202020202020202020202020202020202020202020202020202020202020202020202020202020202020205D2C0A202020202020202020202020202020202020202020202020202020202020202020202020202020202020202020202020275459504527203D3E202746554C4C54455854270A202020202020202020202020202020202020202020202020202020202020202020202020202020202020202020207D2C0A2020202020202020202020202020202020202020202020202020202020202020202020202020202020202020202027627567735F66756C6C746578745F636F6D6D656E74735F6E6F707269766174655F696478272C0A202020202020202020202020202020202020202020202020202020202020202020202020202020202020202020207B0A202020202020202020202020202020202020202020202020202020202020202020202020202020202020202020202020274649454C445327203D3E205B0A202020202020202020202020202020202020202020202020202020202020202020202020202020202020202020202020202020202020202020202020202027636F6D6D656E74735F6E6F70726976617465270A2020202020202020202020202020202020202020202020202020202020202020202020202020202020202020202020202020202020202020202020205D2C0A202020202020202020202020202020202020202020202020202020202020202020202020202020202020202020202020275459504527203D3E202746554C4C54455854270A202020202020202020202020202020202020202020202020202020202020202020202020202020202020202020207D0A20202020202020202020202020202020202020202020202020202020202020202020202020202020202020205D0A20202020202020202020202020202020202020202020202020202020207D2C0A2020202020202020202027627A5F736368656D6127203D3E207B0A202020202020202020202020202020202020202020202020202020274649454C445327203D3E205B0A202020202020202020202020202020202020202020202020202020202020202020202020202020202027736368656D615F64617461272C0A20202020202020202020202020202020202020202020202020202020202020202020202020202020207B0A20202020202020202020202020202020202020202020202020202020202020202020202020202020202020274E4F544E554C4C27203D3E20312C0A20202020202020202020202020202020202020202020202020202020202020202020202020202020202020275459504527203D3E20274C4F4E47424C4F42270A20202020202020202020202020202020202020202020202020202020202020202020202020202020207D2C0A20202020202020202020202020202020202020202020202020202020202020202020202020202020202776657273696F6E272C0A20202020202020202020202020202020202020202020202020202020202020202020202020202020207B0A20202020202020202020202020202020202020202020202020202020202020202020202020202020202020274E4F544E554C4C27203D3E20312C0A20202020202020202020202020202020202020202020202020202020202020202020202020202020202020275459504527203D3E2027646563696D616C28332C3229270A20202020202020202020202020202020202020202020202020202020202020202020202020202020207D0A2020202020202020202020202020202020202020202020202020202020202020202020202020205D0A202020202020202020202020202020202020202020202020207D2C0A202020202020202020202763617465676F72795F67726F75705F6D617027203D3E207B0A202020202020202020202020202020202020202020202020202020202020202020202020274649454C445327203D3E205B0A20202020202020202020202020202020202020202020202020202020202020202020202020202020202020202020202020202763617465676F72795F6964272C0A20202020202020202020202020202020202020202020202020202020202020202020202020202020202020202020202020207B0A20202020202020202020202020202020202020202020202020202020202020202020202020202020202020202020202020202020274E4F544E554C4C27203D3E20312C0A20202020202020202020202020202020202020202020202020202020202020202020202020202020202020202020202020202020275459504527203D3E2027494E5432270A20202020202020202020202020202020202020202020202020202020202020202020202020202020202020202020202020207D2C0A20202020202020202020202020202020202020202020202020202020202020202020202020202020202020202020202020202767726F75705F6964272C0A20202020202020202020202020202020202020202020202020202020202020202020202020202020202020202020202020207B0A20202020202020202020202020202020202020202020202020202020202020202020202020202020202020202020202020202020274E4F544E554C4C27203D3E20312C0A20202020202020202020202020202020202020202020202020202020202020202020202020202020202020202020202020202020275459504527203D3E2027494E5433270A20202020202020202020202020202020202020202020202020202020202020202020202020202020202020202020202020207D0A2020202020202020202020202020202020202020202020202020202020202020202020202020202020202020202020205D2C0A20202020202020202020202020202020202020202020202020202020202020202020202027494E444558455327203D3E205B0A2020202020202020202020202020202020202020202020202020202020202020202020202020202020202020202020202020202763617465676F72795F67726F75705F6D61705F63617465676F72795F69645F696478272C0A2020202020202020202020202020202020202020202020202020202020202020202020202020202020202020202020202020207B0A2020202020202020202020202020202020202020202020202020202020202020202020202020202020202020202020202020202020274649454C445327203D3E205B0A202020202020202020202020202020202020202020202020202020202020202020202020202020202020202020202020202020202020202020202020202020202020202763617465676F72795F6964272C0A202020202020202020202020202020202020202020202020202020202020202020202020202020202020202020202020202020202020202020202020202020202020202767726F75705F6964270A20202020202020202020202020202020202020202020202020202020202020202020202020202020202020202020202020202020202020202020202020202020205D2C0A2020202020202020202020202020202020202020202020202020202020202020202020202020202020202020202020202020202020275459504527203D3E2027554E49515545270A2020202020202020202020202020202020202020202020202020202020202020202020202020202020202020202020202020207D0A202020202020202020202020202020202020202020202020202020202020202020202020202020202020202020202020205D0A202020202020202020202020202020202020202020202020202020202020202020207D2C0A2020202020202020202027636327203D3E207B0A2020202020202020202020202020202020202020274649454C445327203D3E205B0A20202020202020202020202020202020202020202020202020202020202020202020276275675F6964272C0A202020202020202020202020202020202020202020202020202020202020202020207B0A202020202020202020202020202020202020202020202020202020202020202020202020274E4F544E554C4C27203D3E20312C0A202020202020202020202020202020202020202020202020202020202020202020202020275459504527203D3E2027494E5433270A202020202020202020202020202020202020202020202020202020202020202020207D2C0A202020202020202020202020202020202020202020202020202020202020202020202777686F272C0A202020202020202020202020202020202020202020202020202020202020202020207B0A202020202020202020202020202020202020202020202020202020202020202020202020274E4F544E554C4C27203D3E20312C0A202020202020202020202020202020202020202020202020202020202020202020202020275245464552454E43455327203D3E207B0A20202020202020202020202020202020202020202020202020202020202020202020202020202020202020202020202020202020202027434F4C554D4E27203D3E2027757365726964272C0A2020202020202020202020202020202020202020202020202020202020202020202020202020202020202020202020202020202020202744454C45544527203D3E202743415343414445272C0A202020202020202020202020202020202020202020202020202020202020202020202020202020202020202020202020202020202020275441424C4527203D3E202770726F66696C6573270A202020202020202020202020202020202020202020202020202020202020202020202020202020202020202020202020202020207D2C0A202020202020202020202020202020202020202020202020202020202020202020202020275459504527203D3E2027494E5433270A202020202020202020202020202020202020202020202020202020202020202020207D0A20202020202020202020202020202020202020202020202020202020202020205D2C0A202020202020202020202020202020202020202027494E444558455327203D3E205B0A20202020202020202020202020202020202020202020202020202020202020202020202763635F6275675F69645F696478272C0A20202020202020202020202020202020202020202020202020202020202020202020207B0A20202020202020202020202020202020202020202020202020202020202020202020202020274649454C445327203D3E205B0A202020202020202020202020202020202020202020202020202020202020202020202020202020202020202020202020202020276275675F6964272C0A2020202020202020202020202020202020202020202020202020202020202020202020202020202020202020202020202020202777686F270A202020202020202020202020202020202020202020202020202020202020202020202020202020202020202020202020205D2C0A20202020202020202020202020202020202020202020202020202020202020202020202020275459504527203D3E2027554E49515545270A20202020202020202020202020202020202020202020202020202020202020202020207D2C0A20202020202020202020202020202020202020202020202020202020202020202020202763635F77686F5F696478272C0A20202020202020202020202020202020202020202020202020202020202020202020205B0A202020202020202020202020202020202020202020202020202020202020202020202020202777686F270A20202020202020202020202020202020202020202020202020202020202020202020205D0A2020202020202020202020202020202020202020202020202020202020202020205D0A2020202020202020202020202020202020207D2C0A2020202020202020202027636C617373696669636174696F6E7327203D3E207B0A202020202020202020202020202020202020202020202020202020202020202020274649454C445327203D3E205B0A2020202020202020202020202020202020202020202020202020202020202020202020202020202020202020202020276964272C0A20202020202020202020202020202020202020202020202020202020202020202020202020202020202020202020207B0A20202020202020202020202020202020202020202020202020202020202020202020202020202020202020202020202020274E4F544E554C4C27203D3E20312C0A20202020202020202020202020202020202020202020202020202020202020202020202020202020202020202020202020275052494D4152594B455927203D3E20312C0A20202020202020202020202020202020202020202020202020202020202020202020202020202020202020202020202020275459504527203D3E2027534D414C4C53455249414C270A20202020202020202020202020202020202020202020202020202020202020202020202020202020202020202020207D2C0A2020202020202020202020202020202020202020202020202020202020202020202020202020202020202020202020276E616D65272C0A20202020202020202020202020202020202020202020202020202020202020202020202020202020202020202020207B0A20202020202020202020202020202020202020202020202020202020202020202020202020202020202020202020202020274E4F544E554C4C27203D3E20312C0A20202020202020202020202020202020202020202020202020202020202020202020202020202020202020202020202020275459504527203D3E20277661726368617228363429270A20202020202020202020202020202020202020202020202020202020202020202020202020202020202020202020207D2C0A2020202020202020202020202020202020202020202020202020202020202020202020202020202020202020202020276465736372697074696F6E272C0A20202020202020202020202020202020202020202020202020202020202020202020202020202020202020202020207B0A20202020202020202020202020202020202020202020202020202020202020202020202020202020202020202020202020275459504527203D3E20274D454449554D54455854270A20202020202020202020202020202020202020202020202020202020202020202020202020202020202020202020207D2C0A202020202020202020202020202020202020202020202020202020202020202020202020202020202020202020202027736F72746B6579272C0A20202020202020202020202020202020202020202020202020202020202020202020202020202020202020202020207B0A202020202020202020202020202020202020202020202020202020202020202020202020202020202020202020202020202744454641554C5427203D3E202730272C0A20202020202020202020202020202020202020202020202020202020202020202020202020202020202020202020202020274E4F544E554C4C27203D3E20312C0A20202020202020202020202020202020202020202020202020202020202020202020202020202020202020202020202020275459504527203D3E2027494E5432270A20202020202020202020202020202020202020202020202020202020202020202020202020202020202020202020207D0A2020202020202020202020202020202020202020202020202020202020202020202020202020202020202020205D2C0A20202020202020202020202020202020202020202020202020202020202020202027494E444558455327203D3E205B0A20202020202020202020202020202020202020202020202020202020202020202020202020202020202020202020202027636C617373696669636174696F6E735F6E616D655F696478272C0A2020202020202020202020202020202020202020202020202020202020202020202020202020202020202020202020207B0A2020202020202020202020202020202020202020202020202020202020202020202020202020202020202020202020202020274649454C445327203D3E205B0A20202020202020202020202020202020202020202020202020202020202020202020202020202020202020202020202020202020202020202020202020202020276E616D65270A20202020202020202020202020202020202020202020202020202020202020202020202020202020202020202020202020202020202020202020202020205D2C0A2020202020202020202020202020202020202020202020202020202020202020202020202020202020202020202020202020275459504527203D3E2027554E49515545270A2020202020202020202020202020202020202020202020202020202020202020202020202020202020202020202020207D0A202020202020202020202020202020202020202020202020202020202020202020202020202020202020202020205D0A202020202020202020202020202020202020202020202020202020202020207D2C0A2020202020202020202027636F6D706F6E656E745F636327203D3E207B0A202020202020202020202020202020202020202020202020202020202020274649454C445327203D3E205B0A202020202020202020202020202020202020202020202020202020202020202020202020202020202020202027757365725F6964272C0A20202020202020202020202020202020202020202020202020202020202020202020202020202020202020207B0A20202020202020202020202020202020202020202020202020202020202020202020202020202020202020202020274E4F544E554C4C27203D3E20312C0A20202020202020202020202020202020202020202020202020202020202020202020202020202020202020202020275245464552454E43455327203D3E207B0A2020202020202020202020202020202020202020202020202020202020202020202020202020202020202020202020202020202020202020202020202020202027434F4C554D4E27203D3E2027757365726964272C0A202020202020202020202020202020202020202020202020202020202020202020202020202020202020202020202020202020202020202020202020202020202744454C45544527203D3E202743415343414445272C0A20202020202020202020202020202020202020202020202020202020202020202020202020202020202020202020202020202020202020202020202020202020275441424C4527203D3E202770726F66696C6573270A20202020202020202020202020202020202020202020202020202020202020202020202020202020202020202020202020202020202020202020202020207D2C0A20202020202020202020202020202020202020202020202020202020202020202020202020202020202020202020275459504527203D3E2027494E5433270A20202020202020202020202020202020202020202020202020202020202020202020202020202020202020207D2C0A202020202020202020202020202020202020202020202020202020202020202020202020202020202020202027636F6D706F6E656E745F6964272C0A20202020202020202020202020202020202020202020202020202020202020202020202020202020202020207B0A20202020202020202020202020202020202020202020202020202020202020202020202020202020202020202020274E4F544E554C4C27203D3E20312C0A20202020202020202020202020202020202020202020202020202020202020202020202020202020202020202020275459504527203D3E2027494E5432270A20202020202020202020202020202020202020202020202020202020202020202020202020202020202020207D0A2020202020202020202020202020202020202020202020202020202020202020202020202020202020205D2C0A20202020202020202020202020202020202020202020202020202020202027494E444558455327203D3E205B0A20202020202020202020202020202020202020202020202020202020202020202020202020202020202020202027636F6D706F6E656E745F63635F757365725F69645F696478272C0A2020202020202020202020202020202020202020202020202020202020202020202020202020202020202020207B0A2020202020202020202020202020202020202020202020202020202020202020202020202020202020202020202020274649454C445327203D3E205B0A2020202020202020202020202020202020202020202020202020202020202020202020202020202020202020202020202020202020202020202020202027636F6D706F6E656E745F6964272C0A2020202020202020202020202020202020202020202020202020202020202020202020202020202020202020202020202020202020202020202020202027757365725F6964270A20202020202020202020202020202020202020202020202020202020202020202020202020202020202020202020202020202020202020202020205D2C0A2020202020202020202020202020202020202020202020202020202020202020202020202020202020202020202020275459504527203D3E2027554E49515545270A2020202020202020202020202020202020202020202020202020202020202020202020202020202020202020207D0A202020202020202020202020202020202020202020202020202020202020202020202020202020202020205D0A202020202020202020202020202020202020202020202020202020207D2C0A2020202020202020202027636F6D706F6E656E747327203D3E207B0A20202020202020202020202020202020202020202020202020202020274649454C445327203D3E205B0A202020202020202020202020202020202020202020202020202020202020202020202020202020202020276964272C0A2020202020202020202020202020202020202020202020202020202020202020202020202020202020207B0A2020202020202020202020202020202020202020202020202020202020202020202020202020202020202020274E4F544E554C4C27203D3E20312C0A2020202020202020202020202020202020202020202020202020202020202020202020202020202020202020275052494D4152594B455927203D3E20312C0A2020202020202020202020202020202020202020202020202020202020202020202020202020202020202020275459504527203D3E2027534D414C4C53455249414C270A2020202020202020202020202020202020202020202020202020202020202020202020202020202020207D2C0A202020202020202020202020202020202020202020202020202020202020202020202020202020202020276E616D65272C0A2020202020202020202020202020202020202020202020202020202020202020202020202020202020207B0A2020202020202020202020202020202020202020202020202020202020202020202020202020202020202020274E4F544E554C4C27203D3E20312C0A2020202020202020202020202020202020202020202020202020202020202020202020202020202020202020275459504527203D3E20277661726368617228363429270A2020202020202020202020202020202020202020202020202020202020202020202020202020202020207D2C0A2020202020202020202020202020202020202020202020202020202020202020202020202020202020202770726F647563745F6964272C0A2020202020202020202020202020202020202020202020202020202020202020202020202020202020207B0A2020202020202020202020202020202020202020202020202020202020202020202020202020202020202020274E4F544E554C4C27203D3E20312C0A2020202020202020202020202020202020202020202020202020202020202020202020202020202020202020275459504527203D3E2027494E5432270A2020202020202020202020202020202020202020202020202020202020202020202020202020202020207D2C0A20202020202020202020202020202020202020202020202020202020202020202020202020202020202027696E697469616C6F776E6572272C0A2020202020202020202020202020202020202020202020202020202020202020202020202020202020207B0A2020202020202020202020202020202020202020202020202020202020202020202020202020202020202020274E4F544E554C4C27203D3E20312C0A2020202020202020202020202020202020202020202020202020202020202020202020202020202020202020275245464552454E43455327203D3E207B0A202020202020202020202020202020202020202020202020202020202020202020202020202020202020202020202020202020202020202020202020202027434F4C554D4E27203D3E2027757365726964272C0A2020202020202020202020202020202020202020202020202020202020202020202020202020202020202020202020202020202020202020202020202020275441424C4527203D3E202770726F66696C6573270A2020202020202020202020202020202020202020202020202020202020202020202020202020202020202020202020202020202020202020202020207D2C0A2020202020202020202020202020202020202020202020202020202020202020202020202020202020202020275459504527203D3E2027494E5433270A2020202020202020202020202020202020202020202020202020202020202020202020202020202020207D2C0A20202020202020202020202020202020202020202020202020202020202020202020202020202020202027696E697469616C7161636F6E74616374272C0A2020202020202020202020202020202020202020202020202020202020202020202020202020202020207B0A2020202020202020202020202020202020202020202020202020202020202020202020202020202020202020275245464552454E43455327203D3E207B0A202020202020202020202020202020202020202020202020202020202020202020202020202020202020202020202020202020202020202020202020202027434F4C554D4E27203D3E2027757365726964272C0A20202020202020202020202020202020202020202020202020202020202020202020202020202020202020202020202020202020202020202020202020202744454C45544527203D3E2027534554204E554C4C272C0A2020202020202020202020202020202020202020202020202020202020202020202020202020202020202020202020202020202020202020202020202020275441424C4527203D3E202770726F66696C6573270A2020202020202020202020202020202020202020202020202020202020202020202020202020202020202020202020202020202020202020202020207D2C0A2020202020202020202020202020202020202020202020202020202020202020202020202020202020202020275459504527203D3E2027494E5433270A2020202020202020202020202020202020202020202020202020202020202020202020202020202020207D2C0A202020202020202020202020202020202020202020202020202020202020202020202020202020202020276465736372697074696F6E272C0A2020202020202020202020202020202020202020202020202020202020202020202020202020202020207B0A2020202020202020202020202020202020202020202020202020202020202020202020202020202020202020274E4F544E554C4C27203D3E20312C0A2020202020202020202020202020202020202020202020202020202020202020202020202020202020202020275459504527203D3E20274D454449554D54455854270A2020202020202020202020202020202020202020202020202020202020202020202020202020202020207D0A202020202020202020202020202020202020202020202020202020202020202020202020202020205D2C0A2020202020202020202020202020202020202020202020202020202027494E444558455327203D3E205B0A2020202020202020202020202020202020202020202020202020202020202020202020202020202020202027636F6D706F6E656E74735F70726F647563745F69645F696478272C0A202020202020202020202020202020202020202020202020202020202020202020202020202020202020207B0A202020202020202020202020202020202020202020202020202020202020202020202020202020202020202020274649454C445327203D3E205B0A20202020202020202020202020202020202020202020202020202020202020202020202020202020202020202020202020202020202020202020202770726F647563745F6964272C0A2020202020202020202020202020202020202020202020202020202020202020202020202020202020202020202020202020202020202020202020276E616D65270A2020202020202020202020202020202020202020202020202020202020202020202020202020202020202020202020202020202020202020205D2C0A202020202020202020202020202020202020202020202020202020202020202020202020202020202020202020275459504527203D3E2027554E49515545270A202020202020202020202020202020202020202020202020202020202020202020202020202020202020207D2C0A2020202020202020202020202020202020202020202020202020202020202020202020202020202020202027636F6D706F6E656E74735F6E616D655F696478272C0A202020202020202020202020202020202020202020202020202020202020202020202020202020202020205B0A202020202020202020202020202020202020202020202020202020202020202020202020202020202020202020276E616D65270A202020202020202020202020202020202020202020202020202020202020202020202020202020202020205D0A20202020202020202020202020202020202020202020202020202020202020202020202020202020205D0A20202020202020202020202020202020202020202020202020207D2C0A2020202020202020202027646570656E64656E6369657327203D3E207B0A202020202020202020202020202020202020202020202020202020202020274649454C445327203D3E205B0A202020202020202020202020202020202020202020202020202020202020202020202020202020202020202027626C6F636B6564272C0A20202020202020202020202020202020202020202020202020202020202020202020202020202020202020207B0A20202020202020202020202020202020202020202020202020202020202020202020202020202020202020202020274E4F544E554C4C27203D3E20312C0A20202020202020202020202020202020202020202020202020202020202020202020202020202020202020202020275459504527203D3E2027494E5433270A20202020202020202020202020202020202020202020202020202020202020202020202020202020202020207D2C0A202020202020202020202020202020202020202020202020202020202020202020202020202020202020202027646570656E64736F6E272C0A20202020202020202020202020202020202020202020202020202020202020202020202020202020202020207B0A20202020202020202020202020202020202020202020202020202020202020202020202020202020202020202020274E4F544E554C4C27203D3E20312C0A20202020202020202020202020202020202020202020202020202020202020202020202020202020202020202020275459504527203D3E2027494E5433270A20202020202020202020202020202020202020202020202020202020202020202020202020202020202020207D0A2020202020202020202020202020202020202020202020202020202020202020202020202020202020205D2C0A20202020202020202020202020202020202020202020202020202020202027494E444558455327203D3E205B0A20202020202020202020202020202020202020202020202020202020202020202020202020202020202020202027646570656E64656E636965735F626C6F636B65645F696478272C0A2020202020202020202020202020202020202020202020202020202020202020202020202020202020202020205B0A202020202020202020202020202020202020202020202020202020202020202020202020202020202020202020202027626C6F636B6564270A2020202020202020202020202020202020202020202020202020202020202020202020202020202020202020205D2C0A20202020202020202020202020202020202020202020202020202020202020202020202020202020202020202027646570656E64656E636965735F646570656E64736F6E5F696478272C0A2020202020202020202020202020202020202020202020202020202020202020202020202020202020202020205B0A202020202020202020202020202020202020202020202020202020202020202020202020202020202020202020202027646570656E64736F6E270A2020202020202020202020202020202020202020202020202020202020202020202020202020202020202020205D0A202020202020202020202020202020202020202020202020202020202020202020202020202020202020205D0A202020202020202020202020202020202020202020202020202020207D2C0A20202020202020202020276475706C69636174657327203D3E207B0A20202020202020202020202020202020202020202020202020202020274649454C445327203D3E205B0A20202020202020202020202020202020202020202020202020202020202020202020202020202020202027647570655F6F66272C0A2020202020202020202020202020202020202020202020202020202020202020202020202020202020207B0A2020202020202020202020202020202020202020202020202020202020202020202020202020202020202020274E4F544E554C4C27203D3E20312C0A2020202020202020202020202020202020202020202020202020202020202020202020202020202020202020275459504527203D3E2027494E5433270A2020202020202020202020202020202020202020202020202020202020202020202020202020202020207D2C0A2020202020202020202020202020202020202020202020202020202020202020202020202020202020202764757065272C0A2020202020202020202020202020202020202020202020202020202020202020202020202020202020207B0A2020202020202020202020202020202020202020202020202020202020202020202020202020202020202020274E4F544E554C4C27203D3E20312C0A2020202020202020202020202020202020202020202020202020202020202020202020202020202020202020275052494D4152594B455927203D3E20312C0A2020202020202020202020202020202020202020202020202020202020202020202020202020202020202020275459504527203D3E2027494E5433270A2020202020202020202020202020202020202020202020202020202020202020202020202020202020207D0A202020202020202020202020202020202020202020202020202020202020202020202020202020205D0A20202020202020202020202020202020202020202020202020207D2C0A2020202020202020202027656D61696C5F73657474696E6727203D3E207B0A20202020202020202020202020202020202020202020202020202020202020274649454C445327203D3E205B0A20202020202020202020202020202020202020202020202020202020202020202020202020202020202020202027757365725F6964272C0A2020202020202020202020202020202020202020202020202020202020202020202020202020202020202020207B0A2020202020202020202020202020202020202020202020202020202020202020202020202020202020202020202020274E4F544E554C4C27203D3E20312C0A2020202020202020202020202020202020202020202020202020202020202020202020202020202020202020202020275245464552454E43455327203D3E207B0A202020202020202020202020202020202020202020202020202020202020202020202020202020202020202020202020202020202020202020202020202020202027434F4C554D4E27203D3E2027757365726964272C0A20202020202020202020202020202020202020202020202020202020202020202020202020202020202020202020202020202020202020202020202020202020202744454C45544527203D3E202743415343414445272C0A2020202020202020202020202020202020202020202020202020202020202020202020202020202020202020202020202020202020202020202020202020202020275441424C4527203D3E202770726F66696C6573270A2020202020202020202020202020202020202020202020202020202020202020202020202020202020202020202020202020202020202020202020202020207D2C0A2020202020202020202020202020202020202020202020202020202020202020202020202020202020202020202020275459504527203D3E2027494E5433270A2020202020202020202020202020202020202020202020202020202020202020202020202020202020202020207D2C0A2020202020202020202020202020202020202020202020202020202020202020202020202020202020202020202772656C6174696F6E73686970272C0A2020202020202020202020202020202020202020202020202020202020202020202020202020202020202020207B0A2020202020202020202020202020202020202020202020202020202020202020202020202020202020202020202020274E4F544E554C4C27203D3E20312C0A2020202020202020202020202020202020202020202020202020202020202020202020202020202020202020202020275459504527203D3E2027494E5431270A2020202020202020202020202020202020202020202020202020202020202020202020202020202020202020207D2C0A202020202020202020202020202020202020202020202020202020202020202020202020202020202020202020276576656E74272C0A2020202020202020202020202020202020202020202020202020202020202020202020202020202020202020207B0A2020202020202020202020202020202020202020202020202020202020202020202020202020202020202020202020274E4F544E554C4C27203D3E20312C0A2020202020202020202020202020202020202020202020202020202020202020202020202020202020202020202020275459504527203D3E2027494E5431270A2020202020202020202020202020202020202020202020202020202020202020202020202020202020202020207D0A202020202020202020202020202020202020202020202020202020202020202020202020202020202020205D2C0A2020202020202020202020202020202020202020202020202020202020202027494E444558455327203D3E205B0A2020202020202020202020202020202020202020202020202020202020202020202020202020202020202020202027656D61696C5F73657474696E675F757365725F69645F696478272C0A202020202020202020202020202020202020202020202020202020202020202020202020202020202020202020207B0A202020202020202020202020202020202020202020202020202020202020202020202020202020202020202020202020274649454C445327203D3E205B0A202020202020202020202020202020202020202020202020202020202020202020202020202020202020202020202020202020202020202020202020202027757365725F6964272C0A20202020202020202020202020202020202020202020202020202020202020202020202020202020202020202020202020202020202020202020202020202772656C6174696F6E73686970272C0A2020202020202020202020202020202020202020202020202020202020202020202020202020202020202020202020202020202020202020202020202020276576656E74270A2020202020202020202020202020202020202020202020202020202020202020202020202020202020202020202020202020202020202020202020205D2C0A202020202020202020202020202020202020202020202020202020202020202020202020202020202020202020202020275459504527203D3E2027554E49515545270A202020202020202020202020202020202020202020202020202020202020202020202020202020202020202020207D0A20202020202020202020202020202020202020202020202020202020202020202020202020202020202020205D0A20202020202020202020202020202020202020202020202020202020207D2C0A20202020202020202020276669656C646465667327203D3E207B0A202020202020202020202020202020202020202020202020202020274649454C445327203D3E205B0A2020202020202020202020202020202020202020202020202020202020202020202020202020202020276964272C0A20202020202020202020202020202020202020202020202020202020202020202020202020202020207B0A20202020202020202020202020202020202020202020202020202020202020202020202020202020202020274E4F544E554C4C27203D3E20312C0A20202020202020202020202020202020202020202020202020202020202020202020202020202020202020275052494D4152594B455927203D3E20312C0A20202020202020202020202020202020202020202020202020202020202020202020202020202020202020275459504527203D3E20274D454449554D53455249414C270A20202020202020202020202020202020202020202020202020202020202020202020202020202020207D2C0A2020202020202020202020202020202020202020202020202020202020202020202020202020202020276E616D65272C0A20202020202020202020202020202020202020202020202020202020202020202020202020202020207B0A20202020202020202020202020202020202020202020202020202020202020202020202020202020202020274E4F544E554C4C27203D3E20312C0A20202020202020202020202020202020202020202020202020202020202020202020202020202020202020275459504527203D3E20277661726368617228363429270A20202020202020202020202020202020202020202020202020202020202020202020202020202020207D2C0A20202020202020202020202020202020202020202020202020202020202020202020202020202020202774797065272C0A20202020202020202020202020202020202020202020202020202020202020202020202020202020207B0A202020202020202020202020202020202020202020202020202020202020202020202020202020202020202744454641554C5427203D3E20302C0A20202020202020202020202020202020202020202020202020202020202020202020202020202020202020274E4F544E554C4C27203D3E20312C0A20202020202020202020202020202020202020202020202020202020202020202020202020202020202020275459504527203D3E2027494E5432270A20202020202020202020202020202020202020202020202020202020202020202020202020202020207D2C0A202020202020202020202020202020202020202020202020202020202020202020202020202020202027637573746F6D272C0A20202020202020202020202020202020202020202020202020202020202020202020202020202020207B0A202020202020202020202020202020202020202020202020202020202020202020202020202020202020202744454641554C5427203D3E202746414C5345272C0A20202020202020202020202020202020202020202020202020202020202020202020202020202020202020274E4F544E554C4C27203D3E20312C0A20202020202020202020202020202020202020202020202020202020202020202020202020202020202020275459504527203D3E2027424F4F4C45414E270A20202020202020202020202020202020202020202020202020202020202020202020202020202020207D2C0A2020202020202020202020202020202020202020202020202020202020202020202020202020202020276465736372697074696F6E272C0A20202020202020202020202020202020202020202020202020202020202020202020202020202020207B0A20202020202020202020202020202020202020202020202020202020202020202020202020202020202020274E4F544E554C4C27203D3E20312C0A20202020202020202020202020202020202020202020202020202020202020202020202020202020202020275459504527203D3E202754494E5954455854270A20202020202020202020202020202020202020202020202020202020202020202020202020202020207D2C0A2020202020202020202020202020202020202020202020202020202020202020202020202020202020276D61696C68656164272C0A20202020202020202020202020202020202020202020202020202020202020202020202020202020207B0A202020202020202020202020202020202020202020202020202020202020202020202020202020202020202744454641554C5427203D3E202746414C5345272C0A20202020202020202020202020202020202020202020202020202020202020202020202020202020202020274E4F544E554C4C27203D3E20312C0A20202020202020202020202020202020202020202020202020202020202020202020202020202020202020275459504527203D3E2027424F4F4C45414E270A20202020202020202020202020202020202020202020202020202020202020202020202020202020207D2C0A202020202020202020202020202020202020202020202020202020202020202020202020202020202027736F72746B6579272C0A20202020202020202020202020202020202020202020202020202020202020202020202020202020207B0A20202020202020202020202020202020202020202020202020202020202020202020202020202020202020274E4F544E554C4C27203D3E20312C0A20202020202020202020202020202020202020202020202020202020202020202020202020202020202020275459504527203D3E2027494E5432270A20202020202020202020202020202020202020202020202020202020202020202020202020202020207D2C0A2020202020202020202020202020202020202020202020202020202020202020202020202020202020276F62736F6C657465272C0A20202020202020202020202020202020202020202020202020202020202020202020202020202020207B0A202020202020202020202020202020202020202020202020202020202020202020202020202020202020202744454641554C5427203D3E202746414C5345272C0A20202020202020202020202020202020202020202020202020202020202020202020202020202020202020274E4F544E554C4C27203D3E20312C0A20202020202020202020202020202020202020202020202020202020202020202020202020202020202020275459504527203D3E2027424F4F4C45414E270A20202020202020202020202020202020202020202020202020202020202020202020202020202020207D2C0A202020202020202020202020202020202020202020202020202020202020202020202020202020202027656E7465725F627567272C0A20202020202020202020202020202020202020202020202020202020202020202020202020202020207B0A202020202020202020202020202020202020202020202020202020202020202020202020202020202020202744454641554C5427203D3E202746414C5345272C0A20202020202020202020202020202020202020202020202020202020202020202020202020202020202020274E4F544E554C4C27203D3E20312C0A20202020202020202020202020202020202020202020202020202020202020202020202020202020202020275459504527203D3E2027424F4F4C45414E270A20202020202020202020202020202020202020202020202020202020202020202020202020202020207D0A2020202020202020202020202020202020202020202020202020202020202020202020202020205D2C0A20202020202020202020202020202020202020202020202020202027494E444558455327203D3E205B0A202020202020202020202020202020202020202020202020202020202020202020202020202020202020276669656C64646566735F6E616D655F696478272C0A2020202020202020202020202020202020202020202020202020202020202020202020202020202020207B0A2020202020202020202020202020202020202020202020202020202020202020202020202020202020202020274649454C445327203D3E205B0A20202020202020202020202020202020202020202020202020202020202020202020202020202020202020202020202020202020202020202020276E616D65270A20202020202020202020202020202020202020202020202020202020202020202020202020202020202020202020202020202020202020205D2C0A2020202020202020202020202020202020202020202020202020202020202020202020202020202020202020275459504527203D3E2027554E49515545270A2020202020202020202020202020202020202020202020202020202020202020202020202020202020207D2C0A202020202020202020202020202020202020202020202020202020202020202020202020202020202020276669656C64646566735F736F72746B65795F696478272C0A2020202020202020202020202020202020202020202020202020202020202020202020202020202020205B0A202020202020202020202020202020202020202020202020202020202020202020202020202020202020202027736F72746B6579270A2020202020202020202020202020202020202020202020202020202020202020202020202020202020205D0A202020202020202020202020202020202020202020202020202020202020202020202020202020205D0A202020202020202020202020202020202020202020202020207D2C0A2020202020202020202027666C61676578636C7573696F6E7327203D3E207B0A2020202020202020202020202020202020202020202020202020202020202020274649454C445327203D3E205B0A2020202020202020202020202020202020202020202020202020202020202020202020202020202020202020202027747970655F6964272C0A202020202020202020202020202020202020202020202020202020202020202020202020202020202020202020207B0A202020202020202020202020202020202020202020202020202020202020202020202020202020202020202020202020274E4F544E554C4C27203D3E20312C0A202020202020202020202020202020202020202020202020202020202020202020202020202020202020202020202020275459504527203D3E2027494E5432270A202020202020202020202020202020202020202020202020202020202020202020202020202020202020202020207D2C0A202020202020202020202020202020202020202020202020202020202020202020202020202020202020202020202770726F647563745F6964272C0A202020202020202020202020202020202020202020202020202020202020202020202020202020202020202020207B0A202020202020202020202020202020202020202020202020202020202020202020202020202020202020202020202020275459504527203D3E2027494E5432270A202020202020202020202020202020202020202020202020202020202020202020202020202020202020202020207D2C0A2020202020202020202020202020202020202020202020202020202020202020202020202020202020202020202027636F6D706F6E656E745F6964272C0A202020202020202020202020202020202020202020202020202020202020202020202020202020202020202020207B0A202020202020202020202020202020202020202020202020202020202020202020202020202020202020202020202020275459504527203D3E2027494E5432270A202020202020202020202020202020202020202020202020202020202020202020202020202020202020202020207D0A20202020202020202020202020202020202020202020202020202020202020202020202020202020202020205D2C0A202020202020202020202020202020202020202020202020202020202020202027494E444558455327203D3E205B0A202020202020202020202020202020202020202020202020202020202020202020202020202020202020202020202027666C61676578636C7573696F6E735F747970655F69645F696478272C0A20202020202020202020202020202020202020202020202020202020202020202020202020202020202020202020205B0A2020202020202020202020202020202020202020202020202020202020202020202020202020202020202020202020202027747970655F6964272C0A202020202020202020202020202020202020202020202020202020202020202020202020202020202020202020202020202770726F647563745F6964272C0A2020202020202020202020202020202020202020202020202020202020202020202020202020202020202020202020202027636F6D706F6E656E745F6964270A20202020202020202020202020202020202020202020202020202020202020202020202020202020202020202020205D0A2020202020202020202020202020202020202020202020202020202020202020202020202020202020202020205D0A2020202020202020202020202020202020202020202020202020202020207D2C0A2020202020202020202027666C6167696E636C7573696F6E7327203D3E207B0A2020202020202020202020202020202020202020202020202020202020202020274649454C445327203D3E205B0A2020202020202020202020202020202020202020202020202020202020202020202020202020202020202020202027747970655F6964272C0A202020202020202020202020202020202020202020202020202020202020202020202020202020202020202020207B0A202020202020202020202020202020202020202020202020202020202020202020202020202020202020202020202020274E4F544E554C4C27203D3E20312C0A202020202020202020202020202020202020202020202020202020202020202020202020202020202020202020202020275459504527203D3E2027494E5432270A202020202020202020202020202020202020202020202020202020202020202020202020202020202020202020207D2C0A202020202020202020202020202020202020202020202020202020202020202020202020202020202020202020202770726F647563745F6964272C0A202020202020202020202020202020202020202020202020202020202020202020202020202020202020202020207B0A202020202020202020202020202020202020202020202020202020202020202020202020202020202020202020202020275459504527203D3E2027494E5432270A202020202020202020202020202020202020202020202020202020202020202020202020202020202020202020207D2C0A2020202020202020202020202020202020202020202020202020202020202020202020202020202020202020202027636F6D706F6E656E745F6964272C0A202020202020202020202020202020202020202020202020202020202020202020202020202020202020202020207B0A202020202020202020202020202020202020202020202020202020202020202020202020202020202020202020202020275459504527203D3E2027494E5432270A202020202020202020202020202020202020202020202020202020202020202020202020202020202020202020207D0A20202020202020202020202020202020202020202020202020202020202020202020202020202020202020205D2C0A202020202020202020202020202020202020202020202020202020202020202027494E444558455327203D3E205B0A202020202020202020202020202020202020202020202020202020202020202020202020202020202020202020202027666C6167696E636C7573696F6E735F747970655F69645F696478272C0A20202020202020202020202020202020202020202020202020202020202020202020202020202020202020202020205B0A2020202020202020202020202020202020202020202020202020202020202020202020202020202020202020202020202027747970655F6964272C0A202020202020202020202020202020202020202020202020202020202020202020202020202020202020202020202020202770726F647563745F6964272C0A2020202020202020202020202020202020202020202020202020202020202020202020202020202020202020202020202027636F6D706F6E656E745F6964270A20202020202020202020202020202020202020202020202020202020202020202020202020202020202020202020205D0A2020202020202020202020202020202020202020202020202020202020202020202020202020202020202020205D0A2020202020202020202020202020202020202020202020202020202020207D2C0A2020202020202020202027666C61677327203D3E207B0A2020202020202020202020202020202020202020202020274649454C445327203D3E205B0A20202020202020202020202020202020202020202020202020202020202020202020202020276964272C0A202020202020202020202020202020202020202020202020202020202020202020202020207B0A202020202020202020202020202020202020202020202020202020202020202020202020202020274E4F544E554C4C27203D3E20312C0A202020202020202020202020202020202020202020202020202020202020202020202020202020275052494D4152594B455927203D3E20312C0A202020202020202020202020202020202020202020202020202020202020202020202020202020275459504527203D3E20274D454449554D53455249414C270A202020202020202020202020202020202020202020202020202020202020202020202020207D2C0A2020202020202020202020202020202020202020202020202020202020202020202020202027747970655F6964272C0A202020202020202020202020202020202020202020202020202020202020202020202020207B0A202020202020202020202020202020202020202020202020202020202020202020202020202020274E4F544E554C4C27203D3E20312C0A202020202020202020202020202020202020202020202020202020202020202020202020202020275459504527203D3E2027494E5432270A202020202020202020202020202020202020202020202020202020202020202020202020207D2C0A2020202020202020202020202020202020202020202020202020202020202020202020202027737461747573272C0A202020202020202020202020202020202020202020202020202020202020202020202020207B0A202020202020202020202020202020202020202020202020202020202020202020202020202020274E4F544E554C4C27203D3E20312C0A202020202020202020202020202020202020202020202020202020202020202020202020202020275459504527203D3E202763686172283129270A202020202020202020202020202020202020202020202020202020202020202020202020207D2C0A20202020202020202020202020202020202020202020202020202020202020202020202020276275675F6964272C0A202020202020202020202020202020202020202020202020202020202020202020202020207B0A202020202020202020202020202020202020202020202020202020202020202020202020202020274E4F544E554C4C27203D3E20312C0A202020202020202020202020202020202020202020202020202020202020202020202020202020275459504527203D3E2027494E5433270A202020202020202020202020202020202020202020202020202020202020202020202020207D2C0A20202020202020202020202020202020202020202020202020202020202020202020202020276174746163685F6964272C0A202020202020202020202020202020202020202020202020202020202020202020202020207B0A202020202020202020202020202020202020202020202020202020202020202020202020202020275459504527203D3E2027494E5433270A202020202020202020202020202020202020202020202020202020202020202020202020207D2C0A20202020202020202020202020202020202020202020202020202020202020202020202020276372656174696F6E5F64617465272C0A202020202020202020202020202020202020202020202020202020202020202020202020207B0A202020202020202020202020202020202020202020202020202020202020202020202020202020274E4F544E554C4C27203D3E20312C0A202020202020202020202020202020202020202020202020202020202020202020202020202020275459504527203D3E20274441544554494D45270A202020202020202020202020202020202020202020202020202020202020202020202020207D2C0A20202020202020202020202020202020202020202020202020202020202020202020202020276D6F64696669636174696F6E5F64617465272C0A202020202020202020202020202020202020202020202020202020202020202020202020207B0A202020202020202020202020202020202020202020202020202020202020202020202020202020275459504527203D3E20274441544554494D45270A202020202020202020202020202020202020202020202020202020202020202020202020207D2C0A20202020202020202020202020202020202020202020202020202020202020202020202020277365747465725F6964272C0A202020202020202020202020202020202020202020202020202020202020202020202020207B0A202020202020202020202020202020202020202020202020202020202020202020202020202020275459504527203D3E2027494E5433270A202020202020202020202020202020202020202020202020202020202020202020202020207D2C0A20202020202020202020202020202020202020202020202020202020202020202020202020277265717565737465655F6964272C0A202020202020202020202020202020202020202020202020202020202020202020202020207B0A202020202020202020202020202020202020202020202020202020202020202020202020202020275459504527203D3E2027494E5433270A202020202020202020202020202020202020202020202020202020202020202020202020207D0A20202020202020202020202020202020202020202020202020202020202020202020205D2C0A202020202020202020202020202020202020202020202027494E444558455327203D3E205B0A202020202020202020202020202020202020202020202020202020202020202020202020202027666C6167735F6275675F69645F696478272C0A20202020202020202020202020202020202020202020202020202020202020202020202020205B0A20202020202020202020202020202020202020202020202020202020202020202020202020202020276275675F6964272C0A20202020202020202020202020202020202020202020202020202020202020202020202020202020276174746163685F6964270A20202020202020202020202020202020202020202020202020202020202020202020202020205D2C0A202020202020202020202020202020202020202020202020202020202020202020202020202027666C6167735F7365747465725F69645F696478272C0A20202020202020202020202020202020202020202020202020202020202020202020202020205B0A20202020202020202020202020202020202020202020202020202020202020202020202020202020277365747465725F6964270A20202020202020202020202020202020202020202020202020202020202020202020202020205D2C0A202020202020202020202020202020202020202020202020202020202020202020202020202027666C6167735F7265717565737465655F69645F696478272C0A20202020202020202020202020202020202020202020202020202020202020202020202020205B0A20202020202020202020202020202020202020202020202020202020202020202020202020202020277265717565737465655F6964270A20202020202020202020202020202020202020202020202020202020202020202020202020205D2C0A202020202020202020202020202020202020202020202020202020202020202020202020202027666C6167735F747970655F69645F696478272C0A20202020202020202020202020202020202020202020202020202020202020202020202020205B0A2020202020202020202020202020202020202020202020202020202020202020202020202020202027747970655F6964270A20202020202020202020202020202020202020202020202020202020202020202020202020205D0A2020202020202020202020202020202020202020202020202020202020202020202020205D0A2020202020202020202020202020202020202020207D2C0A2020202020202020202027666C6167747970657327203D3E207B0A202020202020202020202020202020202020202020202020202020274649454C445327203D3E205B0A2020202020202020202020202020202020202020202020202020202020202020202020202020202020276964272C0A20202020202020202020202020202020202020202020202020202020202020202020202020202020207B0A20202020202020202020202020202020202020202020202020202020202020202020202020202020202020274E4F544E554C4C27203D3E20312C0A20202020202020202020202020202020202020202020202020202020202020202020202020202020202020275052494D4152594B455927203D3E20312C0A20202020202020202020202020202020202020202020202020202020202020202020202020202020202020275459504527203D3E2027534D414C4C53455249414C270A20202020202020202020202020202020202020202020202020202020202020202020202020202020207D2C0A2020202020202020202020202020202020202020202020202020202020202020202020202020202020276E616D65272C0A20202020202020202020202020202020202020202020202020202020202020202020202020202020207B0A20202020202020202020202020202020202020202020202020202020202020202020202020202020202020274E4F544E554C4C27203D3E20312C0A20202020202020202020202020202020202020202020202020202020202020202020202020202020202020275459504527203D3E20277661726368617228353029270A20202020202020202020202020202020202020202020202020202020202020202020202020202020207D2C0A2020202020202020202020202020202020202020202020202020202020202020202020202020202020276465736372697074696F6E272C0A20202020202020202020202020202020202020202020202020202020202020202020202020202020207B0A20202020202020202020202020202020202020202020202020202020202020202020202020202020202020274E4F544E554C4C27203D3E20312C0A20202020202020202020202020202020202020202020202020202020202020202020202020202020202020275459504527203D3E20274D454449554D54455854270A20202020202020202020202020202020202020202020202020202020202020202020202020202020207D2C0A20202020202020202020202020202020202020202020202020202020202020202020202020202020202763635F6C697374272C0A20202020202020202020202020202020202020202020202020202020202020202020202020202020207B0A20202020202020202020202020202020202020202020202020202020202020202020202020202020202020275459504527203D3E2027766172636861722832303029270A20202020202020202020202020202020202020202020202020202020202020202020202020202020207D2C0A2020202020202020202020202020202020202020202020202020202020202020202020202020202020277461726765745F74797065272C0A20202020202020202020202020202020202020202020202020202020202020202020202020202020207B0A202020202020202020202020202020202020202020202020202020202020202020202020202020202020202744454641554C5427203D3E20275C27625C27272C0A20202020202020202020202020202020202020202020202020202020202020202020202020202020202020274E4F544E554C4C27203D3E20312C0A20202020202020202020202020202020202020202020202020202020202020202020202020202020202020275459504527203D3E202763686172283129270A20202020202020202020202020202020202020202020202020202020202020202020202020202020207D2C0A20202020202020202020202020202020202020202020202020202020202020202020202020202020202769735F616374697665272C0A20202020202020202020202020202020202020202020202020202020202020202020202020202020207B0A202020202020202020202020202020202020202020202020202020202020202020202020202020202020202744454641554C5427203D3E202754525545272C0A20202020202020202020202020202020202020202020202020202020202020202020202020202020202020274E4F544E554C4C27203D3E20312C0A20202020202020202020202020202020202020202020202020202020202020202020202020202020202020275459504527203D3E2027424F4F4C45414E270A20202020202020202020202020202020202020202020202020202020202020202020202020202020207D2C0A20202020202020202020202020202020202020202020202020202020202020202020202020202020202769735F7265717565737461626C65272C0A20202020202020202020202020202020202020202020202020202020202020202020202020202020207B0A202020202020202020202020202020202020202020202020202020202020202020202020202020202020202744454641554C5427203D3E202746414C5345272C0A20202020202020202020202020202020202020202020202020202020202020202020202020202020202020274E4F544E554C4C27203D3E20312C0A20202020202020202020202020202020202020202020202020202020202020202020202020202020202020275459504527203D3E2027424F4F4C45414E270A20202020202020202020202020202020202020202020202020202020202020202020202020202020207D2C0A20202020202020202020202020202020202020202020202020202020202020202020202020202020202769735F726571756573746565626C65272C0A20202020202020202020202020202020202020202020202020202020202020202020202020202020207B0A202020202020202020202020202020202020202020202020202020202020202020202020202020202020202744454641554C5427203D3E202746414C5345272C0A20202020202020202020202020202020202020202020202020202020202020202020202020202020202020274E4F544E554C4C27203D3E20312C0A20202020202020202020202020202020202020202020202020202020202020202020202020202020202020275459504527203D3E2027424F4F4C45414E270A20202020202020202020202020202020202020202020202020202020202020202020202020202020207D2C0A20202020202020202020202020202020202020202020202020202020202020202020202020202020202769735F6D756C7469706C696361626C65272C0A20202020202020202020202020202020202020202020202020202020202020202020202020202020207B0A202020202020202020202020202020202020202020202020202020202020202020202020202020202020202744454641554C5427203D3E202746414C5345272C0A20202020202020202020202020202020202020202020202020202020202020202020202020202020202020274E4F544E554C4C27203D3E20312C0A20202020202020202020202020202020202020202020202020202020202020202020202020202020202020275459504527203D3E2027424F4F4C45414E270A20202020202020202020202020202020202020202020202020202020202020202020202020202020207D2C0A202020202020202020202020202020202020202020202020202020202020202020202020202020202027736F72746B6579272C0A20202020202020202020202020202020202020202020202020202020202020202020202020202020207B0A202020202020202020202020202020202020202020202020202020202020202020202020202020202020202744454641554C5427203D3E202730272C0A20202020202020202020202020202020202020202020202020202020202020202020202020202020202020274E4F544E554C4C27203D3E20312C0A20202020202020202020202020202020202020202020202020202020202020202020202020202020202020275459504527203D3E2027494E5432270A20202020202020202020202020202020202020202020202020202020202020202020202020202020207D2C0A2020202020202020202020202020202020202020202020202020202020202020202020202020202020276772616E745F67726F75705F6964272C0A20202020202020202020202020202020202020202020202020202020202020202020202020202020207B0A20202020202020202020202020202020202020202020202020202020202020202020202020202020202020275459504527203D3E2027494E5433270A20202020202020202020202020202020202020202020202020202020202020202020202020202020207D2C0A202020202020202020202020202020202020202020202020202020202020202020202020202020202027726571756573745F67726F75705F6964272C0A20202020202020202020202020202020202020202020202020202020202020202020202020202020207B0A20202020202020202020202020202020202020202020202020202020202020202020202020202020202020275459504527203D3E2027494E5433270A20202020202020202020202020202020202020202020202020202020202020202020202020202020207D0A2020202020202020202020202020202020202020202020202020202020202020202020202020205D0A202020202020202020202020202020202020202020202020207D2C0A202020202020202020202767726F75705F636F6E74726F6C5F6D617027203D3E207B0A2020202020202020202020202020202020202020202020202020202020202020202020274649454C445327203D3E205B0A202020202020202020202020202020202020202020202020202020202020202020202020202020202020202020202020202767726F75705F6964272C0A202020202020202020202020202020202020202020202020202020202020202020202020202020202020202020202020207B0A202020202020202020202020202020202020202020202020202020202020202020202020202020202020202020202020202020274E4F544E554C4C27203D3E20312C0A202020202020202020202020202020202020202020202020202020202020202020202020202020202020202020202020202020275459504527203D3E2027494E5433270A202020202020202020202020202020202020202020202020202020202020202020202020202020202020202020202020207D2C0A202020202020202020202020202020202020202020202020202020202020202020202020202020202020202020202020202770726F647563745F6964272C0A202020202020202020202020202020202020202020202020202020202020202020202020202020202020202020202020207B0A202020202020202020202020202020202020202020202020202020202020202020202020202020202020202020202020202020274E4F544E554C4C27203D3E20312C0A202020202020202020202020202020202020202020202020202020202020202020202020202020202020202020202020202020275459504527203D3E2027494E5433270A202020202020202020202020202020202020202020202020202020202020202020202020202020202020202020202020207D2C0A2020202020202020202020202020202020202020202020202020202020202020202020202020202020202020202020202027656E747279272C0A202020202020202020202020202020202020202020202020202020202020202020202020202020202020202020202020207B0A202020202020202020202020202020202020202020202020202020202020202020202020202020202020202020202020202020274E4F544E554C4C27203D3E20312C0A202020202020202020202020202020202020202020202020202020202020202020202020202020202020202020202020202020275459504527203D3E2027424F4F4C45414E270A202020202020202020202020202020202020202020202020202020202020202020202020202020202020202020202020207D2C0A20202020202020202020202020202020202020202020202020202020202020202020202020202020202020202020202020276D656D626572636F6E74726F6C272C0A202020202020202020202020202020202020202020202020202020202020202020202020202020202020202020202020207B0A202020202020202020202020202020202020202020202020202020202020202020202020202020202020202020202020202020274E4F544E554C4C27203D3E20312C0A202020202020202020202020202020202020202020202020202020202020202020202020202020202020202020202020202020275459504527203D3E2027424F4F4C45414E270A202020202020202020202020202020202020202020202020202020202020202020202020202020202020202020202020207D2C0A20202020202020202020202020202020202020202020202020202020202020202020202020202020202020202020202020276F74686572636F6E74726F6C272C0A202020202020202020202020202020202020202020202020202020202020202020202020202020202020202020202020207B0A202020202020202020202020202020202020202020202020202020202020202020202020202020202020202020202020202020274E4F544E554C4C27203D3E20312C0A202020202020202020202020202020202020202020202020202020202020202020202020202020202020202020202020202020275459504527203D3E2027424F4F4C45414E270A202020202020202020202020202020202020202020202020202020202020202020202020202020202020202020202020207D2C0A202020202020202020202020202020202020202020202020202020202020202020202020202020202020202020202020202763616E65646974272C0A202020202020202020202020202020202020202020202020202020202020202020202020202020202020202020202020207B0A202020202020202020202020202020202020202020202020202020202020202020202020202020202020202020202020202020274E4F544E554C4C27203D3E20312C0A202020202020202020202020202020202020202020202020202020202020202020202020202020202020202020202020202020275459504527203D3E2027424F4F4C45414E270A202020202020202020202020202020202020202020202020202020202020202020202020202020202020202020202020207D2C0A202020202020202020202020202020202020202020202020202020202020202020202020202020202020202020202020202765646974636F6D706F6E656E7473272C0A202020202020202020202020202020202020202020202020202020202020202020202020202020202020202020202020207B0A2020202020202020202020202020202020202020202020202020202020202020202020202020202020202020202020202020202744454641554C5427203D3E202746414C5345272C0A202020202020202020202020202020202020202020202020202020202020202020202020202020202020202020202020202020274E4F544E554C4C27203D3E20312C0A202020202020202020202020202020202020202020202020202020202020202020202020202020202020202020202020202020275459504527203D3E2027424F4F4C45414E270A202020202020202020202020202020202020202020202020202020202020202020202020202020202020202020202020207D2C0A20202020202020202020202020202020202020202020202020202020202020202020202020202020202020202020202020276564697462756773272C0A202020202020202020202020202020202020202020202020202020202020202020202020202020202020202020202020207B0A2020202020202020202020202020202020202020202020202020202020202020202020202020202020202020202020202020202744454641554C5427203D3E202746414C5345272C0A202020202020202020202020202020202020202020202020202020202020202020202020202020202020202020202020202020274E4F544E554C4C27203D3E20312C0A202020202020202020202020202020202020202020202020202020202020202020202020202020202020202020202020202020275459504527203D3E2027424F4F4C45414E270A202020202020202020202020202020202020202020202020202020202020202020202020202020202020202020202020207D2C0A202020202020202020202020202020202020202020202020202020202020202020202020202020202020202020202020202763616E636F6E6669726D272C0A202020202020202020202020202020202020202020202020202020202020202020202020202020202020202020202020207B0A2020202020202020202020202020202020202020202020202020202020202020202020202020202020202020202020202020202744454641554C5427203D3E202746414C5345272C0A202020202020202020202020202020202020202020202020202020202020202020202020202020202020202020202020202020274E4F544E554C4C27203D3E20312C0A202020202020202020202020202020202020202020202020202020202020202020202020202020202020202020202020202020275459504527203D3E2027424F4F4C45414E270A202020202020202020202020202020202020202020202020202020202020202020202020202020202020202020202020207D0A20202020202020202020202020202020202020202020202020202020202020202020202020202020202020202020205D2C0A202020202020202020202020202020202020202020202020202020202020202020202027494E444558455327203D3E205B0A20202020202020202020202020202020202020202020202020202020202020202020202020202020202020202020202020202767726F75705F636F6E74726F6C5F6D61705F70726F647563745F69645F696478272C0A20202020202020202020202020202020202020202020202020202020202020202020202020202020202020202020202020207B0A20202020202020202020202020202020202020202020202020202020202020202020202020202020202020202020202020202020274649454C445327203D3E205B0A2020202020202020202020202020202020202020202020202020202020202020202020202020202020202020202020202020202020202020202020202020202020202770726F647563745F6964272C0A2020202020202020202020202020202020202020202020202020202020202020202020202020202020202020202020202020202020202020202020202020202020202767726F75705F6964270A202020202020202020202020202020202020202020202020202020202020202020202020202020202020202020202020202020202020202020202020202020205D2C0A20202020202020202020202020202020202020202020202020202020202020202020202020202020202020202020202020202020275459504527203D3E2027554E49515545270A20202020202020202020202020202020202020202020202020202020202020202020202020202020202020202020202020207D2C0A20202020202020202020202020202020202020202020202020202020202020202020202020202020202020202020202020202767726F75705F636F6E74726F6C5F6D61705F67726F75705F69645F696478272C0A20202020202020202020202020202020202020202020202020202020202020202020202020202020202020202020202020205B0A202020202020202020202020202020202020202020202020202020202020202020202020202020202020202020202020202020202767726F75705F6964270A20202020202020202020202020202020202020202020202020202020202020202020202020202020202020202020202020205D0A2020202020202020202020202020202020202020202020202020202020202020202020202020202020202020202020205D0A2020202020202020202020202020202020202020202020202020202020202020207D2C0A202020202020202020202767726F75705F67726F75705F6D617027203D3E207B0A202020202020202020202020202020202020202020202020202020202020202020274649454C445327203D3E205B0A2020202020202020202020202020202020202020202020202020202020202020202020202020202020202020202020276D656D6265725F6964272C0A20202020202020202020202020202020202020202020202020202020202020202020202020202020202020202020207B0A20202020202020202020202020202020202020202020202020202020202020202020202020202020202020202020202020274E4F544E554C4C27203D3E20312C0A20202020202020202020202020202020202020202020202020202020202020202020202020202020202020202020202020275459504527203D3E2027494E5433270A20202020202020202020202020202020202020202020202020202020202020202020202020202020202020202020207D2C0A2020202020202020202020202020202020202020202020202020202020202020202020202020202020202020202020276772616E746F725F6964272C0A20202020202020202020202020202020202020202020202020202020202020202020202020202020202020202020207B0A20202020202020202020202020202020202020202020202020202020202020202020202020202020202020202020202020274E4F544E554C4C27203D3E20312C0A20202020202020202020202020202020202020202020202020202020202020202020202020202020202020202020202020275459504527203D3E2027494E5433270A20202020202020202020202020202020202020202020202020202020202020202020202020202020202020202020207D2C0A2020202020202020202020202020202020202020202020202020202020202020202020202020202020202020202020276772616E745F74797065272C0A20202020202020202020202020202020202020202020202020202020202020202020202020202020202020202020207B0A202020202020202020202020202020202020202020202020202020202020202020202020202020202020202020202020202744454641554C5427203D3E202730272C0A20202020202020202020202020202020202020202020202020202020202020202020202020202020202020202020202020274E4F544E554C4C27203D3E20312C0A20202020202020202020202020202020202020202020202020202020202020202020202020202020202020202020202020275459504527203D3E2027494E5431270A20202020202020202020202020202020202020202020202020202020202020202020202020202020202020202020207D0A2020202020202020202020202020202020202020202020202020202020202020202020202020202020202020205D2C0A20202020202020202020202020202020202020202020202020202020202020202027494E444558455327203D3E205B0A2020202020202020202020202020202020202020202020202020202020202020202020202020202020202020202020202767726F75705F67726F75705F6D61705F6D656D6265725F69645F696478272C0A2020202020202020202020202020202020202020202020202020202020202020202020202020202020202020202020207B0A2020202020202020202020202020202020202020202020202020202020202020202020202020202020202020202020202020274649454C445327203D3E205B0A20202020202020202020202020202020202020202020202020202020202020202020202020202020202020202020202020202020202020202020202020202020276D656D6265725F6964272C0A20202020202020202020202020202020202020202020202020202020202020202020202020202020202020202020202020202020202020202020202020202020276772616E746F725F6964272C0A20202020202020202020202020202020202020202020202020202020202020202020202020202020202020202020202020202020202020202020202020202020276772616E745F74797065270A20202020202020202020202020202020202020202020202020202020202020202020202020202020202020202020202020202020202020202020202020205D2C0A2020202020202020202020202020202020202020202020202020202020202020202020202020202020202020202020202020275459504527203D3E2027554E49515545270A2020202020202020202020202020202020202020202020202020202020202020202020202020202020202020202020207D0A202020202020202020202020202020202020202020202020202020202020202020202020202020202020202020205D0A202020202020202020202020202020202020202020202020202020202020207D2C0A202020202020202020202767726F75707327203D3E207B0A202020202020202020202020202020202020202020202020274649454C445327203D3E205B0A2020202020202020202020202020202020202020202020202020202020202020202020202020276964272C0A20202020202020202020202020202020202020202020202020202020202020202020202020207B0A20202020202020202020202020202020202020202020202020202020202020202020202020202020274E4F544E554C4C27203D3E20312C0A20202020202020202020202020202020202020202020202020202020202020202020202020202020275052494D4152594B455927203D3E20312C0A20202020202020202020202020202020202020202020202020202020202020202020202020202020275459504527203D3E20274D454449554D53455249414C270A20202020202020202020202020202020202020202020202020202020202020202020202020207D2C0A2020202020202020202020202020202020202020202020202020202020202020202020202020276E616D65272C0A20202020202020202020202020202020202020202020202020202020202020202020202020207B0A20202020202020202020202020202020202020202020202020202020202020202020202020202020274E4F544E554C4C27203D3E20312C0A20202020202020202020202020202020202020202020202020202020202020202020202020202020275459504527203D3E2027766172636861722832353529270A20202020202020202020202020202020202020202020202020202020202020202020202020207D2C0A2020202020202020202020202020202020202020202020202020202020202020202020202020276465736372697074696F6E272C0A20202020202020202020202020202020202020202020202020202020202020202020202020207B0A20202020202020202020202020202020202020202020202020202020202020202020202020202020274E4F544E554C4C27203D3E20312C0A20202020202020202020202020202020202020202020202020202020202020202020202020202020275459504527203D3E20274D454449554D54455854270A20202020202020202020202020202020202020202020202020202020202020202020202020207D2C0A202020202020202020202020202020202020202020202020202020202020202020202020202027697362756767726F7570272C0A20202020202020202020202020202020202020202020202020202020202020202020202020207B0A20202020202020202020202020202020202020202020202020202020202020202020202020202020274E4F544E554C4C27203D3E20312C0A20202020202020202020202020202020202020202020202020202020202020202020202020202020275459504527203D3E2027424F4F4C45414E270A20202020202020202020202020202020202020202020202020202020202020202020202020207D2C0A20202020202020202020202020202020202020202020202020202020202020202020202020202775736572726567657870272C0A20202020202020202020202020202020202020202020202020202020202020202020202020207B0A202020202020202020202020202020202020202020202020202020202020202020202020202020202744454641554C5427203D3E20275C275C27272C0A20202020202020202020202020202020202020202020202020202020202020202020202020202020274E4F544E554C4C27203D3E20312C0A20202020202020202020202020202020202020202020202020202020202020202020202020202020275459504527203D3E202754494E5954455854270A20202020202020202020202020202020202020202020202020202020202020202020202020207D2C0A2020202020202020202020202020202020202020202020202020202020202020202020202020276973616374697665272C0A20202020202020202020202020202020202020202020202020202020202020202020202020207B0A202020202020202020202020202020202020202020202020202020202020202020202020202020202744454641554C5427203D3E202754525545272C0A20202020202020202020202020202020202020202020202020202020202020202020202020202020274E4F544E554C4C27203D3E20312C0A20202020202020202020202020202020202020202020202020202020202020202020202020202020275459504527203D3E2027424F4F4C45414E270A20202020202020202020202020202020202020202020202020202020202020202020202020207D2C0A20202020202020202020202020202020202020202020202020202020202020202020202020202769636F6E5F75726C272C0A20202020202020202020202020202020202020202020202020202020202020202020202020207B0A20202020202020202020202020202020202020202020202020202020202020202020202020202020275459504527203D3E202754494E5954455854270A20202020202020202020202020202020202020202020202020202020202020202020202020207D0A2020202020202020202020202020202020202020202020202020202020202020202020205D2C0A20202020202020202020202020202020202020202020202027494E444558455327203D3E205B0A2020202020202020202020202020202020202020202020202020202020202020202020202020202767726F7570735F6E616D655F696478272C0A2020202020202020202020202020202020202020202020202020202020202020202020202020207B0A2020202020202020202020202020202020202020202020202020202020202020202020202020202020274649454C445327203D3E205B0A20202020202020202020202020202020202020202020202020202020202020202020202020202020202020202020202020202020202020276E616D65270A20202020202020202020202020202020202020202020202020202020202020202020202020202020202020202020202020202020205D2C0A2020202020202020202020202020202020202020202020202020202020202020202020202020202020275459504527203D3E2027554E49515545270A2020202020202020202020202020202020202020202020202020202020202020202020202020207D0A202020202020202020202020202020202020202020202020202020202020202020202020205D0A202020202020202020202020202020202020202020207D2C0A20202020202020202020276B6579776F72646465667327203D3E207B0A2020202020202020202020202020202020202020202020202020202020274649454C445327203D3E205B0A20202020202020202020202020202020202020202020202020202020202020202020202020202020202020276964272C0A202020202020202020202020202020202020202020202020202020202020202020202020202020202020207B0A202020202020202020202020202020202020202020202020202020202020202020202020202020202020202020274E4F544E554C4C27203D3E20312C0A202020202020202020202020202020202020202020202020202020202020202020202020202020202020202020275052494D4152594B455927203D3E20312C0A202020202020202020202020202020202020202020202020202020202020202020202020202020202020202020275459504527203D3E2027534D414C4C53455249414C270A202020202020202020202020202020202020202020202020202020202020202020202020202020202020207D2C0A20202020202020202020202020202020202020202020202020202020202020202020202020202020202020276E616D65272C0A202020202020202020202020202020202020202020202020202020202020202020202020202020202020207B0A202020202020202020202020202020202020202020202020202020202020202020202020202020202020202020274E4F544E554C4C27203D3E20312C0A202020202020202020202020202020202020202020202020202020202020202020202020202020202020202020275459504527203D3E20277661726368617228363429270A202020202020202020202020202020202020202020202020202020202020202020202020202020202020207D2C0A20202020202020202020202020202020202020202020202020202020202020202020202020202020202020276465736372697074696F6E272C0A202020202020202020202020202020202020202020202020202020202020202020202020202020202020207B0A202020202020202020202020202020202020202020202020202020202020202020202020202020202020202020275459504527203D3E20274D454449554D54455854270A202020202020202020202020202020202020202020202020202020202020202020202020202020202020207D0A20202020202020202020202020202020202020202020202020202020202020202020202020202020205D2C0A202020202020202020202020202020202020202020202020202020202027494E444558455327203D3E205B0A2020202020202020202020202020202020202020202020202020202020202020202020202020202020202020276B6579776F7264646566735F6E616D655F696478272C0A20202020202020202020202020202020202020202020202020202020202020202020202020202020202020207B0A20202020202020202020202020202020202020202020202020202020202020202020202020202020202020202020274649454C445327203D3E205B0A202020202020202020202020202020202020202020202020202020202020202020202020202020202020202020202020202020202020202020202020276E616D65270A202020202020202020202020202020202020202020202020202020202020202020202020202020202020202020202020202020202020202020205D2C0A20202020202020202020202020202020202020202020202020202020202020202020202020202020202020202020275459504527203D3E2027554E49515545270A20202020202020202020202020202020202020202020202020202020202020202020202020202020202020207D0A2020202020202020202020202020202020202020202020202020202020202020202020202020202020205D0A2020202020202020202020202020202020202020202020202020207D2C0A20202020202020202020276B6579776F72647327203D3E207B0A2020202020202020202020202020202020202020202020202020274649454C445327203D3E205B0A20202020202020202020202020202020202020202020202020202020202020202020202020202020276275675F6964272C0A202020202020202020202020202020202020202020202020202020202020202020202020202020207B0A202020202020202020202020202020202020202020202020202020202020202020202020202020202020274E4F544E554C4C27203D3E20312C0A202020202020202020202020202020202020202020202020202020202020202020202020202020202020275459504527203D3E2027494E5433270A202020202020202020202020202020202020202020202020202020202020202020202020202020207D2C0A20202020202020202020202020202020202020202020202020202020202020202020202020202020276B6579776F72646964272C0A202020202020202020202020202020202020202020202020202020202020202020202020202020207B0A202020202020202020202020202020202020202020202020202020202020202020202020202020202020274E4F544E554C4C27203D3E20312C0A202020202020202020202020202020202020202020202020202020202020202020202020202020202020275459504527203D3E2027494E5432270A202020202020202020202020202020202020202020202020202020202020202020202020202020207D0A20202020202020202020202020202020202020202020202020202020202020202020202020205D2C0A202020202020202020202020202020202020202020202020202027494E444558455327203D3E205B0A2020202020202020202020202020202020202020202020202020202020202020202020202020202020276B6579776F7264735F6275675F69645F696478272C0A20202020202020202020202020202020202020202020202020202020202020202020202020202020207B0A20202020202020202020202020202020202020202020202020202020202020202020202020202020202020274649454C445327203D3E205B0A202020202020202020202020202020202020202020202020202020202020202020202020202020202020202020202020202020202020202020276275675F6964272C0A202020202020202020202020202020202020202020202020202020202020202020202020202020202020202020202020202020202020202020276B6579776F72646964270A202020202020202020202020202020202020202020202020202020202020202020202020202020202020202020202020202020202020205D2C0A20202020202020202020202020202020202020202020202020202020202020202020202020202020202020275459504527203D3E2027554E49515545270A20202020202020202020202020202020202020202020202020202020202020202020202020202020207D2C0A2020202020202020202020202020202020202020202020202020202020202020202020202020202020276B6579776F7264735F6B6579776F726469645F696478272C0A20202020202020202020202020202020202020202020202020202020202020202020202020202020205B0A20202020202020202020202020202020202020202020202020202020202020202020202020202020202020276B6579776F72646964270A20202020202020202020202020202020202020202020202020202020202020202020202020202020205D0A2020202020202020202020202020202020202020202020202020202020202020202020202020205D0A2020202020202020202020202020202020202020202020207D2C0A20202020202020202020276C6F67696E636F6F6B69657327203D3E207B0A202020202020202020202020202020202020202020202020202020202020274649454C445327203D3E205B0A202020202020202020202020202020202020202020202020202020202020202020202020202020202020202027636F6F6B6965272C0A20202020202020202020202020202020202020202020202020202020202020202020202020202020202020207B0A20202020202020202020202020202020202020202020202020202020202020202020202020202020202020202020274E4F544E554C4C27203D3E20312C0A20202020202020202020202020202020202020202020202020202020202020202020202020202020202020202020275052494D4152594B455927203D3E20312C0A20202020202020202020202020202020202020202020202020202020202020202020202020202020202020202020275459504527203D3E20277661726368617228313629270A20202020202020202020202020202020202020202020202020202020202020202020202020202020202020207D2C0A202020202020202020202020202020202020202020202020202020202020202020202020202020202020202027757365726964272C0A20202020202020202020202020202020202020202020202020202020202020202020202020202020202020207B0A20202020202020202020202020202020202020202020202020202020202020202020202020202020202020202020274E4F544E554C4C27203D3E20312C0A20202020202020202020202020202020202020202020202020202020202020202020202020202020202020202020275245464552454E43455327203D3E207B0A2020202020202020202020202020202020202020202020202020202020202020202020202020202020202020202020202020202020202020202020202020202027434F4C554D4E27203D3E2027757365726964272C0A202020202020202020202020202020202020202020202020202020202020202020202020202020202020202020202020202020202020202020202020202020202744454C45544527203D3E202743415343414445272C0A20202020202020202020202020202020202020202020202020202020202020202020202020202020202020202020202020202020202020202020202020202020275441424C4527203D3E202770726F66696C6573270A20202020202020202020202020202020202020202020202020202020202020202020202020202020202020202020202020202020202020202020202020207D2C0A20202020202020202020202020202020202020202020202020202020202020202020202020202020202020202020275459504527203D3E2027494E5433270A20202020202020202020202020202020202020202020202020202020202020202020202020202020202020207D2C0A202020202020202020202020202020202020202020202020202020202020202020202020202020202020202027697061646472272C0A20202020202020202020202020202020202020202020202020202020202020202020202020202020202020207B0A20202020202020202020202020202020202020202020202020202020202020202020202020202020202020202020274E4F544E554C4C27203D3E20312C0A20202020202020202020202020202020202020202020202020202020202020202020202020202020202020202020275459504527203D3E20277661726368617228343029270A20202020202020202020202020202020202020202020202020202020202020202020202020202020202020207D2C0A2020202020202020202020202020202020202020202020202020202020202020202020202020202020202020276C61737475736564272C0A20202020202020202020202020202020202020202020202020202020202020202020202020202020202020207B0A20202020202020202020202020202020202020202020202020202020202020202020202020202020202020202020274E4F544E554C4C27203D3E20312C0A20202020202020202020202020202020202020202020202020202020202020202020202020202020202020202020275459504527203D3E20274441544554494D45270A20202020202020202020202020202020202020202020202020202020202020202020202020202020202020207D0A2020202020202020202020202020202020202020202020202020202020202020202020202020202020205D2C0A20202020202020202020202020202020202020202020202020202020202027494E444558455327203D3E205B0A202020202020202020202020202020202020202020202020202020202020202020202020202020202020202020276C6F67696E636F6F6B6965735F6C617374757365645F696478272C0A2020202020202020202020202020202020202020202020202020202020202020202020202020202020202020205B0A2020202020202020202020202020202020202020202020202020202020202020202020202020202020202020202020276C61737475736564270A2020202020202020202020202020202020202020202020202020202020202020202020202020202020202020205D0A202020202020202020202020202020202020202020202020202020202020202020202020202020202020205D0A202020202020202020202020202020202020202020202020202020207D2C0A20202020202020202020276C6F6E67646573637327203D3E207B0A202020202020202020202020202020202020202020202020202020274649454C445327203D3E205B0A202020202020202020202020202020202020202020202020202020202020202020202020202020202027636F6D6D656E745F6964272C0A20202020202020202020202020202020202020202020202020202020202020202020202020202020207B0A20202020202020202020202020202020202020202020202020202020202020202020202020202020202020274E4F544E554C4C27203D3E20312C0A20202020202020202020202020202020202020202020202020202020202020202020202020202020202020275052494D4152594B455927203D3E20312C0A20202020202020202020202020202020202020202020202020202020202020202020202020202020202020275459504527203D3E20274D454449554D53455249414C270A20202020202020202020202020202020202020202020202020202020202020202020202020202020207D2C0A2020202020202020202020202020202020202020202020202020202020202020202020202020202020276275675F6964272C0A20202020202020202020202020202020202020202020202020202020202020202020202020202020207B0A20202020202020202020202020202020202020202020202020202020202020202020202020202020202020274E4F544E554C4C27203D3E20312C0A20202020202020202020202020202020202020202020202020202020202020202020202020202020202020275459504527203D3E2027494E5433270A20202020202020202020202020202020202020202020202020202020202020202020202020202020207D2C0A20202020202020202020202020202020202020202020202020202020202020202020202020202020202777686F272C0A20202020202020202020202020202020202020202020202020202020202020202020202020202020207B0A20202020202020202020202020202020202020202020202020202020202020202020202020202020202020274E4F544E554C4C27203D3E20312C0A20202020202020202020202020202020202020202020202020202020202020202020202020202020202020275459504527203D3E2027494E5433270A20202020202020202020202020202020202020202020202020202020202020202020202020202020207D2C0A2020202020202020202020202020202020202020202020202020202020202020202020202020202020276275675F7768656E272C0A20202020202020202020202020202020202020202020202020202020202020202020202020202020207B0A20202020202020202020202020202020202020202020202020202020202020202020202020202020202020274E4F544E554C4C27203D3E20312C0A20202020202020202020202020202020202020202020202020202020202020202020202020202020202020275459504527203D3E20274441544554494D45270A20202020202020202020202020202020202020202020202020202020202020202020202020202020207D2C0A202020202020202020202020202020202020202020202020202020202020202020202020202020202027776F726B5F74696D65272C0A20202020202020202020202020202020202020202020202020202020202020202020202020202020207B0A202020202020202020202020202020202020202020202020202020202020202020202020202020202020202744454641554C5427203D3E202730272C0A20202020202020202020202020202020202020202020202020202020202020202020202020202020202020274E4F544E554C4C27203D3E20312C0A20202020202020202020202020202020202020202020202020202020202020202020202020202020202020275459504527203D3E2027646563696D616C28352C3229270A20202020202020202020202020202020202020202020202020202020202020202020202020202020207D2C0A20202020202020202020202020202020202020202020202020202020202020202020202020202020202774686574657874272C0A20202020202020202020202020202020202020202020202020202020202020202020202020202020207B0A20202020202020202020202020202020202020202020202020202020202020202020202020202020202020274E4F544E554C4C27203D3E20312C0A20202020202020202020202020202020202020202020202020202020202020202020202020202020202020275459504527203D3E20274C4F4E4754455854270A20202020202020202020202020202020202020202020202020202020202020202020202020202020207D2C0A202020202020202020202020202020202020202020202020202020202020202020202020202020202027697370726976617465272C0A20202020202020202020202020202020202020202020202020202020202020202020202020202020207B0A202020202020202020202020202020202020202020202020202020202020202020202020202020202020202744454641554C5427203D3E202746414C5345272C0A20202020202020202020202020202020202020202020202020202020202020202020202020202020202020274E4F544E554C4C27203D3E20312C0A20202020202020202020202020202020202020202020202020202020202020202020202020202020202020275459504527203D3E2027424F4F4C45414E270A20202020202020202020202020202020202020202020202020202020202020202020202020202020207D2C0A202020202020202020202020202020202020202020202020202020202020202020202020202020202027616C72656164795F77726170706564272C0A20202020202020202020202020202020202020202020202020202020202020202020202020202020207B0A202020202020202020202020202020202020202020202020202020202020202020202020202020202020202744454641554C5427203D3E202746414C5345272C0A20202020202020202020202020202020202020202020202020202020202020202020202020202020202020274E4F544E554C4C27203D3E20312C0A20202020202020202020202020202020202020202020202020202020202020202020202020202020202020275459504527203D3E2027424F4F4C45414E270A20202020202020202020202020202020202020202020202020202020202020202020202020202020207D2C0A20202020202020202020202020202020202020202020202020202020202020202020202020202020202774797065272C0A20202020202020202020202020202020202020202020202020202020202020202020202020202020207B0A202020202020202020202020202020202020202020202020202020202020202020202020202020202020202744454641554C5427203D3E202730272C0A20202020202020202020202020202020202020202020202020202020202020202020202020202020202020274E4F544E554C4C27203D3E20312C0A20202020202020202020202020202020202020202020202020202020202020202020202020202020202020275459504527203D3E2027494E5432270A20202020202020202020202020202020202020202020202020202020202020202020202020202020207D2C0A20202020202020202020202020202020202020202020202020202020202020202020202020202020202765787472615F64617461272C0A20202020202020202020202020202020202020202020202020202020202020202020202020202020207B0A20202020202020202020202020202020202020202020202020202020202020202020202020202020202020275459504527203D3E2027766172636861722832353529270A20202020202020202020202020202020202020202020202020202020202020202020202020202020207D0A2020202020202020202020202020202020202020202020202020202020202020202020202020205D2C0A20202020202020202020202020202020202020202020202020202027494E444558455327203D3E205B0A202020202020202020202020202020202020202020202020202020202020202020202020202020202020276C6F6E6764657363735F6275675F69645F696478272C0A2020202020202020202020202020202020202020202020202020202020202020202020202020202020205B0A2020202020202020202020202020202020202020202020202020202020202020202020202020202020202020276275675F6964270A2020202020202020202020202020202020202020202020202020202020202020202020202020202020205D2C0A202020202020202020202020202020202020202020202020202020202020202020202020202020202020276C6F6E6764657363735F77686F5F696478272C0A2020202020202020202020202020202020202020202020202020202020202020202020202020202020205B0A20202020202020202020202020202020202020202020202020202020202020202020202020202020202020202777686F272C0A2020202020202020202020202020202020202020202020202020202020202020202020202020202020202020276275675F6964270A2020202020202020202020202020202020202020202020202020202020202020202020202020202020205D2C0A202020202020202020202020202020202020202020202020202020202020202020202020202020202020276C6F6E6764657363735F6275675F7768656E5F696478272C0A2020202020202020202020202020202020202020202020202020202020202020202020202020202020205B0A2020202020202020202020202020202020202020202020202020202020202020202020202020202020202020276275675F7768656E270A2020202020202020202020202020202020202020202020202020202020202020202020202020202020205D0A202020202020202020202020202020202020202020202020202020202020202020202020202020205D0A202020202020202020202020202020202020202020202020207D2C0A20202020202020202020276D696C6573746F6E657327203D3E207B0A20202020202020202020202020202020202020202020202020202020274649454C445327203D3E205B0A202020202020202020202020202020202020202020202020202020202020202020202020202020202020276964272C0A2020202020202020202020202020202020202020202020202020202020202020202020202020202020207B0A2020202020202020202020202020202020202020202020202020202020202020202020202020202020202020274E4F544E554C4C27203D3E20312C0A2020202020202020202020202020202020202020202020202020202020202020202020202020202020202020275052494D4152594B455927203D3E20312C0A2020202020202020202020202020202020202020202020202020202020202020202020202020202020202020275459504527203D3E20274D454449554D53455249414C270A2020202020202020202020202020202020202020202020202020202020202020202020202020202020207D2C0A2020202020202020202020202020202020202020202020202020202020202020202020202020202020202770726F647563745F6964272C0A2020202020202020202020202020202020202020202020202020202020202020202020202020202020207B0A2020202020202020202020202020202020202020202020202020202020202020202020202020202020202020274E4F544E554C4C27203D3E20312C0A2020202020202020202020202020202020202020202020202020202020202020202020202020202020202020275459504527203D3E2027494E5432270A2020202020202020202020202020202020202020202020202020202020202020202020202020202020207D2C0A2020202020202020202020202020202020202020202020202020202020202020202020202020202020202776616C7565272C0A2020202020202020202020202020202020202020202020202020202020202020202020202020202020207B0A2020202020202020202020202020202020202020202020202020202020202020202020202020202020202020274E4F544E554C4C27203D3E20312C0A2020202020202020202020202020202020202020202020202020202020202020202020202020202020202020275459504527203D3E20277661726368617228323029270A2020202020202020202020202020202020202020202020202020202020202020202020202020202020207D2C0A20202020202020202020202020202020202020202020202020202020202020202020202020202020202027736F72746B6579272C0A2020202020202020202020202020202020202020202020202020202020202020202020202020202020207B0A20202020202020202020202020202020202020202020202020202020202020202020202020202020202020202744454641554C5427203D3E20302C0A2020202020202020202020202020202020202020202020202020202020202020202020202020202020202020274E4F544E554C4C27203D3E20312C0A2020202020202020202020202020202020202020202020202020202020202020202020202020202020202020275459504527203D3E2027494E5432270A2020202020202020202020202020202020202020202020202020202020202020202020202020202020207D0A202020202020202020202020202020202020202020202020202020202020202020202020202020205D2C0A2020202020202020202020202020202020202020202020202020202027494E444558455327203D3E205B0A20202020202020202020202020202020202020202020202020202020202020202020202020202020202020276D696C6573746F6E65735F70726F647563745F69645F696478272C0A202020202020202020202020202020202020202020202020202020202020202020202020202020202020207B0A202020202020202020202020202020202020202020202020202020202020202020202020202020202020202020274649454C445327203D3E205B0A20202020202020202020202020202020202020202020202020202020202020202020202020202020202020202020202020202020202020202020202770726F647563745F6964272C0A20202020202020202020202020202020202020202020202020202020202020202020202020202020202020202020202020202020202020202020202776616C7565270A2020202020202020202020202020202020202020202020202020202020202020202020202020202020202020202020202020202020202020205D2C0A202020202020202020202020202020202020202020202020202020202020202020202020202020202020202020275459504527203D3E2027554E49515545270A202020202020202020202020202020202020202020202020202020202020202020202020202020202020207D0A20202020202020202020202020202020202020202020202020202020202020202020202020202020205D0A20202020202020202020202020202020202020202020202020207D2C0A20202020202020202020276E616D65647175657269657327203D3E207B0A202020202020202020202020202020202020202020202020202020202020274649454C445327203D3E205B0A2020202020202020202020202020202020202020202020202020202020202020202020202020202020202020276964272C0A20202020202020202020202020202020202020202020202020202020202020202020202020202020202020207B0A20202020202020202020202020202020202020202020202020202020202020202020202020202020202020202020274E4F544E554C4C27203D3E20312C0A20202020202020202020202020202020202020202020202020202020202020202020202020202020202020202020275052494D4152594B455927203D3E20312C0A20202020202020202020202020202020202020202020202020202020202020202020202020202020202020202020275459504527203D3E20274D454449554D53455249414C270A20202020202020202020202020202020202020202020202020202020202020202020202020202020202020207D2C0A202020202020202020202020202020202020202020202020202020202020202020202020202020202020202027757365726964272C0A20202020202020202020202020202020202020202020202020202020202020202020202020202020202020207B0A20202020202020202020202020202020202020202020202020202020202020202020202020202020202020202020274E4F544E554C4C27203D3E20312C0A20202020202020202020202020202020202020202020202020202020202020202020202020202020202020202020275245464552454E43455327203D3E207B0A2020202020202020202020202020202020202020202020202020202020202020202020202020202020202020202020202020202020202020202020202020202027434F4C554D4E27203D3E2027757365726964272C0A202020202020202020202020202020202020202020202020202020202020202020202020202020202020202020202020202020202020202020202020202020202744454C45544527203D3E202743415343414445272C0A20202020202020202020202020202020202020202020202020202020202020202020202020202020202020202020202020202020202020202020202020202020275441424C4527203D3E202770726F66696C6573270A20202020202020202020202020202020202020202020202020202020202020202020202020202020202020202020202020202020202020202020202020207D2C0A20202020202020202020202020202020202020202020202020202020202020202020202020202020202020202020275459504527203D3E2027494E5433270A20202020202020202020202020202020202020202020202020202020202020202020202020202020202020207D2C0A2020202020202020202020202020202020202020202020202020202020202020202020202020202020202020276E616D65272C0A20202020202020202020202020202020202020202020202020202020202020202020202020202020202020207B0A20202020202020202020202020202020202020202020202020202020202020202020202020202020202020202020274E4F544E554C4C27203D3E20312C0A20202020202020202020202020202020202020202020202020202020202020202020202020202020202020202020275459504527203D3E20277661726368617228363429270A20202020202020202020202020202020202020202020202020202020202020202020202020202020202020207D2C0A2020202020202020202020202020202020202020202020202020202020202020202020202020202020202020277175657279272C0A20202020202020202020202020202020202020202020202020202020202020202020202020202020202020207B0A20202020202020202020202020202020202020202020202020202020202020202020202020202020202020202020274E4F544E554C4C27203D3E20312C0A20202020202020202020202020202020202020202020202020202020202020202020202020202020202020202020275459504527203D3E20274C4F4E4754455854270A20202020202020202020202020202020202020202020202020202020202020202020202020202020202020207D2C0A20202020202020202020202020202020202020202020202020202020202020202020202020202020202020202771756572795F74797065272C0A20202020202020202020202020202020202020202020202020202020202020202020202020202020202020207B0A202020202020202020202020202020202020202020202020202020202020202020202020202020202020202020202744454641554C5427203D3E20302C0A20202020202020202020202020202020202020202020202020202020202020202020202020202020202020202020274E4F544E554C4C27203D3E20312C0A20202020202020202020202020202020202020202020202020202020202020202020202020202020202020202020275459504527203D3E2027424F4F4C45414E270A20202020202020202020202020202020202020202020202020202020202020202020202020202020202020207D0A2020202020202020202020202020202020202020202020202020202020202020202020202020202020205D2C0A20202020202020202020202020202020202020202020202020202020202027494E444558455327203D3E205B0A202020202020202020202020202020202020202020202020202020202020202020202020202020202020202020276E616D6564717565726965735F7573657269645F696478272C0A2020202020202020202020202020202020202020202020202020202020202020202020202020202020202020207B0A2020202020202020202020202020202020202020202020202020202020202020202020202020202020202020202020274649454C445327203D3E205B0A2020202020202020202020202020202020202020202020202020202020202020202020202020202020202020202020202020202020202020202020202027757365726964272C0A20202020202020202020202020202020202020202020202020202020202020202020202020202020202020202020202020202020202020202020202020276E616D65270A20202020202020202020202020202020202020202020202020202020202020202020202020202020202020202020202020202020202020202020205D2C0A2020202020202020202020202020202020202020202020202020202020202020202020202020202020202020202020275459504527203D3E2027554E49515545270A2020202020202020202020202020202020202020202020202020202020202020202020202020202020202020207D0A202020202020202020202020202020202020202020202020202020202020202020202020202020202020205D0A202020202020202020202020202020202020202020202020202020207D2C0A20202020202020202020276E616D6564717565726965735F6C696E6B5F696E5F666F6F74657227203D3E207B0A202020202020202020202020202020202020202020202020202020202020202020202020202020202020202020274649454C445327203D3E205B0A2020202020202020202020202020202020202020202020202020202020202020202020202020202020202020202020202020202020202020202020276E616D656471756572795F6964272C0A20202020202020202020202020202020202020202020202020202020202020202020202020202020202020202020202020202020202020202020207B0A20202020202020202020202020202020202020202020202020202020202020202020202020202020202020202020202020202020202020202020202020274E4F544E554C4C27203D3E20312C0A20202020202020202020202020202020202020202020202020202020202020202020202020202020202020202020202020202020202020202020202020275245464552454E43455327203D3E207B0A2020202020202020202020202020202020202020202020202020202020202020202020202020202020202020202020202020202020202020202020202020202020202020202020202020202020202027434F4C554D4E27203D3E20276964272C0A202020202020202020202020202020202020202020202020202020202020202020202020202020202020202020202020202020202020202020202020202020202020202020202020202020202020202744454C45544527203D3E202743415343414445272C0A20202020202020202020202020202020202020202020202020202020202020202020202020202020202020202020202020202020202020202020202020202020202020202020202020202020202020275441424C4527203D3E20276E616D656471756572696573270A20202020202020202020202020202020202020202020202020202020202020202020202020202020202020202020202020202020202020202020202020202020202020202020202020202020207D2C0A20202020202020202020202020202020202020202020202020202020202020202020202020202020202020202020202020202020202020202020202020275459504527203D3E2027494E5433270A20202020202020202020202020202020202020202020202020202020202020202020202020202020202020202020202020202020202020202020207D2C0A202020202020202020202020202020202020202020202020202020202020202020202020202020202020202020202020202020202020202020202027757365725F6964272C0A20202020202020202020202020202020202020202020202020202020202020202020202020202020202020202020202020202020202020202020207B0A20202020202020202020202020202020202020202020202020202020202020202020202020202020202020202020202020202020202020202020202020274E4F544E554C4C27203D3E20312C0A20202020202020202020202020202020202020202020202020202020202020202020202020202020202020202020202020202020202020202020202020275245464552454E43455327203D3E207B0A2020202020202020202020202020202020202020202020202020202020202020202020202020202020202020202020202020202020202020202020202020202020202020202020202020202020202027434F4C554D4E27203D3E2027757365726964272C0A202020202020202020202020202020202020202020202020202020202020202020202020202020202020202020202020202020202020202020202020202020202020202020202020202020202020202744454C45544527203D3E202743415343414445272C0A20202020202020202020202020202020202020202020202020202020202020202020202020202020202020202020202020202020202020202020202020202020202020202020202020202020202020275441424C4527203D3E202770726F66696C6573270A20202020202020202020202020202020202020202020202020202020202020202020202020202020202020202020202020202020202020202020202020202020202020202020202020202020207D2C0A20202020202020202020202020202020202020202020202020202020202020202020202020202020202020202020202020202020202020202020202020275459504527203D3E2027494E5433270A20202020202020202020202020202020202020202020202020202020202020202020202020202020202020202020202020202020202020202020207D0A2020202020202020202020202020202020202020202020202020202020202020202020202020202020202020202020202020202020202020205D2C0A20202020202020202020202020202020202020202020202020202020202020202020202020202020202020202027494E444558455327203D3E205B0A202020202020202020202020202020202020202020202020202020202020202020202020202020202020202020202020202020202020202020202020276E616D6564717565726965735F6C696E6B5F696E5F666F6F7465725F69645F696478272C0A2020202020202020202020202020202020202020202020202020202020202020202020202020202020202020202020202020202020202020202020207B0A2020202020202020202020202020202020202020202020202020202020202020202020202020202020202020202020202020202020202020202020202020274649454C445327203D3E205B0A20202020202020202020202020202020202020202020202020202020202020202020202020202020202020202020202020202020202020202020202020202020202020202020202020202020276E616D656471756572795F6964272C0A2020202020202020202020202020202020202020202020202020202020202020202020202020202020202020202020202020202020202020202020202020202020202020202020202020202027757365725F6964270A20202020202020202020202020202020202020202020202020202020202020202020202020202020202020202020202020202020202020202020202020202020202020202020202020205D2C0A2020202020202020202020202020202020202020202020202020202020202020202020202020202020202020202020202020202020202020202020202020275459504527203D3E2027554E49515545270A2020202020202020202020202020202020202020202020202020202020202020202020202020202020202020202020202020202020202020202020207D2C0A202020202020202020202020202020202020202020202020202020202020202020202020202020202020202020202020202020202020202020202020276E616D6564717565726965735F6C696E6B5F696E5F666F6F7465725F7573657269645F696478272C0A2020202020202020202020202020202020202020202020202020202020202020202020202020202020202020202020202020202020202020202020205B0A202020202020202020202020202020202020202020202020202020202020202020202020202020202020202020202020202020202020202020202020202027757365725F6964270A2020202020202020202020202020202020202020202020202020202020202020202020202020202020202020202020202020202020202020202020205D0A202020202020202020202020202020202020202020202020202020202020202020202020202020202020202020202020202020202020202020205D0A202020202020202020202020202020202020202020202020202020202020202020202020202020202020207D2C0A20202020202020202020276E616D656471756572795F67726F75705F6D617027203D3E207B0A2020202020202020202020202020202020202020202020202020202020202020202020202020274649454C445327203D3E205B0A20202020202020202020202020202020202020202020202020202020202020202020202020202020202020202020202020202020276E616D656471756572795F6964272C0A202020202020202020202020202020202020202020202020202020202020202020202020202020202020202020202020202020207B0A202020202020202020202020202020202020202020202020202020202020202020202020202020202020202020202020202020202020274E4F544E554C4C27203D3E20312C0A202020202020202020202020202020202020202020202020202020202020202020202020202020202020202020202020202020202020275459504527203D3E2027494E5433270A202020202020202020202020202020202020202020202020202020202020202020202020202020202020202020202020202020207D2C0A202020202020202020202020202020202020202020202020202020202020202020202020202020202020202020202020202020202767726F75705F6964272C0A202020202020202020202020202020202020202020202020202020202020202020202020202020202020202020202020202020207B0A202020202020202020202020202020202020202020202020202020202020202020202020202020202020202020202020202020202020274E4F544E554C4C27203D3E20312C0A202020202020202020202020202020202020202020202020202020202020202020202020202020202020202020202020202020202020275459504527203D3E2027494E5433270A202020202020202020202020202020202020202020202020202020202020202020202020202020202020202020202020202020207D0A20202020202020202020202020202020202020202020202020202020202020202020202020202020202020202020202020205D2C0A202020202020202020202020202020202020202020202020202020202020202020202020202027494E444558455327203D3E205B0A2020202020202020202020202020202020202020202020202020202020202020202020202020202020202020202020202020202020276E616D656471756572795F67726F75705F6D61705F6E616D656471756572795F69645F696478272C0A20202020202020202020202020202020202020202020202020202020202020202020202020202020202020202020202020202020207B0A20202020202020202020202020202020202020202020202020202020202020202020202020202020202020202020202020202020202020274649454C445327203D3E205B0A202020202020202020202020202020202020202020202020202020202020202020202020202020202020202020202020202020202020202020202020202020202020202020276E616D656471756572795F6964270A202020202020202020202020202020202020202020202020202020202020202020202020202020202020202020202020202020202020202020202020202020202020205D2C0A20202020202020202020202020202020202020202020202020202020202020202020202020202020202020202020202020202020202020275459504527203D3E2027554E49515545270A20202020202020202020202020202020202020202020202020202020202020202020202020202020202020202020202020202020207D2C0A2020202020202020202020202020202020202020202020202020202020202020202020202020202020202020202020202020202020276E616D656471756572795F67726F75705F6D61705F67726F75705F69645F696478272C0A20202020202020202020202020202020202020202020202020202020202020202020202020202020202020202020202020202020205B0A202020202020202020202020202020202020202020202020202020202020202020202020202020202020202020202020202020202020202767726F75705F6964270A20202020202020202020202020202020202020202020202020202020202020202020202020202020202020202020202020202020205D0A2020202020202020202020202020202020202020202020202020202020202020202020202020202020202020202020202020205D0A2020202020202020202020202020202020202020202020202020202020202020202020207D2C0A20202020202020202020276F705F73797327203D3E207B0A202020202020202020202020202020202020202020202020274649454C445327203D3E205B0A2020202020202020202020202020202020202020202020202020202020202020202020202020276964272C0A20202020202020202020202020202020202020202020202020202020202020202020202020207B0A20202020202020202020202020202020202020202020202020202020202020202020202020202020274E4F544E554C4C27203D3E20312C0A20202020202020202020202020202020202020202020202020202020202020202020202020202020275052494D4152594B455927203D3E20312C0A20202020202020202020202020202020202020202020202020202020202020202020202020202020275459504527203D3E2027534D414C4C53455249414C270A20202020202020202020202020202020202020202020202020202020202020202020202020207D2C0A20202020202020202020202020202020202020202020202020202020202020202020202020202776616C7565272C0A20202020202020202020202020202020202020202020202020202020202020202020202020207B0A20202020202020202020202020202020202020202020202020202020202020202020202020202020274E4F544E554C4C27203D3E20312C0A20202020202020202020202020202020202020202020202020202020202020202020202020202020275459504527203D3E20277661726368617228363429270A20202020202020202020202020202020202020202020202020202020202020202020202020207D2C0A202020202020202020202020202020202020202020202020202020202020202020202020202027736F72746B6579272C0A20202020202020202020202020202020202020202020202020202020202020202020202020207B0A202020202020202020202020202020202020202020202020202020202020202020202020202020202744454641554C5427203D3E20302C0A20202020202020202020202020202020202020202020202020202020202020202020202020202020274E4F544E554C4C27203D3E20312C0A20202020202020202020202020202020202020202020202020202020202020202020202020202020275459504527203D3E2027494E5432270A20202020202020202020202020202020202020202020202020202020202020202020202020207D2C0A2020202020202020202020202020202020202020202020202020202020202020202020202020276973616374697665272C0A20202020202020202020202020202020202020202020202020202020202020202020202020207B0A202020202020202020202020202020202020202020202020202020202020202020202020202020202744454641554C5427203D3E202754525545272C0A20202020202020202020202020202020202020202020202020202020202020202020202020202020274E4F544E554C4C27203D3E20312C0A20202020202020202020202020202020202020202020202020202020202020202020202020202020275459504527203D3E2027424F4F4C45414E270A20202020202020202020202020202020202020202020202020202020202020202020202020207D0A2020202020202020202020202020202020202020202020202020202020202020202020205D2C0A20202020202020202020202020202020202020202020202027494E444558455327203D3E205B0A202020202020202020202020202020202020202020202020202020202020202020202020202020276F705F7379735F76616C75655F696478272C0A2020202020202020202020202020202020202020202020202020202020202020202020202020207B0A2020202020202020202020202020202020202020202020202020202020202020202020202020202020274649454C445327203D3E205B0A202020202020202020202020202020202020202020202020202020202020202020202020202020202020202020202020202020202020202776616C7565270A20202020202020202020202020202020202020202020202020202020202020202020202020202020202020202020202020202020205D2C0A2020202020202020202020202020202020202020202020202020202020202020202020202020202020275459504527203D3E2027554E49515545270A2020202020202020202020202020202020202020202020202020202020202020202020202020207D2C0A202020202020202020202020202020202020202020202020202020202020202020202020202020276F705F7379735F736F72746B65795F696478272C0A2020202020202020202020202020202020202020202020202020202020202020202020202020205B0A202020202020202020202020202020202020202020202020202020202020202020202020202020202027736F72746B6579272C0A20202020202020202020202020202020202020202020202020202020202020202020202020202020202776616C7565270A2020202020202020202020202020202020202020202020202020202020202020202020202020205D0A202020202020202020202020202020202020202020202020202020202020202020202020205D0A202020202020202020202020202020202020202020207D2C0A20202020202020202020277072696F7269747927203D3E207B0A2020202020202020202020202020202020202020202020202020274649454C445327203D3E205B0A20202020202020202020202020202020202020202020202020202020202020202020202020202020276964272C0A202020202020202020202020202020202020202020202020202020202020202020202020202020207B0A202020202020202020202020202020202020202020202020202020202020202020202020202020202020274E4F544E554C4C27203D3E20312C0A202020202020202020202020202020202020202020202020202020202020202020202020202020202020275052494D4152594B455927203D3E20312C0A202020202020202020202020202020202020202020202020202020202020202020202020202020202020275459504527203D3E2027534D414C4C53455249414C270A202020202020202020202020202020202020202020202020202020202020202020202020202020207D2C0A202020202020202020202020202020202020202020202020202020202020202020202020202020202776616C7565272C0A202020202020202020202020202020202020202020202020202020202020202020202020202020207B0A202020202020202020202020202020202020202020202020202020202020202020202020202020202020274E4F544E554C4C27203D3E20312C0A202020202020202020202020202020202020202020202020202020202020202020202020202020202020275459504527203D3E20277661726368617228363429270A202020202020202020202020202020202020202020202020202020202020202020202020202020207D2C0A2020202020202020202020202020202020202020202020202020202020202020202020202020202027736F72746B6579272C0A202020202020202020202020202020202020202020202020202020202020202020202020202020207B0A2020202020202020202020202020202020202020202020202020202020202020202020202020202020202744454641554C5427203D3E20302C0A202020202020202020202020202020202020202020202020202020202020202020202020202020202020274E4F544E554C4C27203D3E20312C0A202020202020202020202020202020202020202020202020202020202020202020202020202020202020275459504527203D3E2027494E5432270A202020202020202020202020202020202020202020202020202020202020202020202020202020207D2C0A20202020202020202020202020202020202020202020202020202020202020202020202020202020276973616374697665272C0A202020202020202020202020202020202020202020202020202020202020202020202020202020207B0A2020202020202020202020202020202020202020202020202020202020202020202020202020202020202744454641554C5427203D3E202754525545272C0A202020202020202020202020202020202020202020202020202020202020202020202020202020202020274E4F544E554C4C27203D3E20312C0A202020202020202020202020202020202020202020202020202020202020202020202020202020202020275459504527203D3E2027424F4F4C45414E270A202020202020202020202020202020202020202020202020202020202020202020202020202020207D0A20202020202020202020202020202020202020202020202020202020202020202020202020205D2C0A202020202020202020202020202020202020202020202020202027494E444558455327203D3E205B0A2020202020202020202020202020202020202020202020202020202020202020202020202020202020277072696F726974795F76616C75655F696478272C0A20202020202020202020202020202020202020202020202020202020202020202020202020202020207B0A20202020202020202020202020202020202020202020202020202020202020202020202020202020202020274649454C445327203D3E205B0A2020202020202020202020202020202020202020202020202020202020202020202020202020202020202020202020202020202020202020202776616C7565270A202020202020202020202020202020202020202020202020202020202020202020202020202020202020202020202020202020202020205D2C0A20202020202020202020202020202020202020202020202020202020202020202020202020202020202020275459504527203D3E2027554E49515545270A20202020202020202020202020202020202020202020202020202020202020202020202020202020207D2C0A2020202020202020202020202020202020202020202020202020202020202020202020202020202020277072696F726974795F736F72746B65795F696478272C0A20202020202020202020202020202020202020202020202020202020202020202020202020202020205B0A2020202020202020202020202020202020202020202020202020202020202020202020202020202020202027736F72746B6579272C0A202020202020202020202020202020202020202020202020202020202020202020202020202020202020202776616C7565270A20202020202020202020202020202020202020202020202020202020202020202020202020202020205D0A2020202020202020202020202020202020202020202020202020202020202020202020202020205D0A2020202020202020202020202020202020202020202020207D2C0A202020202020202020202770726F647563747327203D3E207B0A2020202020202020202020202020202020202020202020202020274649454C445327203D3E205B0A20202020202020202020202020202020202020202020202020202020202020202020202020202020276964272C0A202020202020202020202020202020202020202020202020202020202020202020202020202020207B0A202020202020202020202020202020202020202020202020202020202020202020202020202020202020274E4F544E554C4C27203D3E20312C0A202020202020202020202020202020202020202020202020202020202020202020202020202020202020275052494D4152594B455927203D3E20312C0A202020202020202020202020202020202020202020202020202020202020202020202020202020202020275459504527203D3E2027534D414C4C53455249414C270A202020202020202020202020202020202020202020202020202020202020202020202020202020207D2C0A20202020202020202020202020202020202020202020202020202020202020202020202020202020276E616D65272C0A202020202020202020202020202020202020202020202020202020202020202020202020202020207B0A202020202020202020202020202020202020202020202020202020202020202020202020202020202020274E4F544E554C4C27203D3E20312C0A202020202020202020202020202020202020202020202020202020202020202020202020202020202020275459504527203D3E20277661726368617228363429270A202020202020202020202020202020202020202020202020202020202020202020202020202020207D2C0A2020202020202020202020202020202020202020202020202020202020202020202020202020202027636C617373696669636174696F6E5F6964272C0A202020202020202020202020202020202020202020202020202020202020202020202020202020207B0A2020202020202020202020202020202020202020202020202020202020202020202020202020202020202744454641554C5427203D3E202731272C0A202020202020202020202020202020202020202020202020202020202020202020202020202020202020274E4F544E554C4C27203D3E20312C0A202020202020202020202020202020202020202020202020202020202020202020202020202020202020275459504527203D3E2027494E5432270A202020202020202020202020202020202020202020202020202020202020202020202020202020207D2C0A20202020202020202020202020202020202020202020202020202020202020202020202020202020276465736372697074696F6E272C0A202020202020202020202020202020202020202020202020202020202020202020202020202020207B0A202020202020202020202020202020202020202020202020202020202020202020202020202020202020275459504527203D3E20274D454449554D54455854270A202020202020202020202020202020202020202020202020202020202020202020202020202020207D2C0A20202020202020202020202020202020202020202020202020202020202020202020202020202020276D696C6573746F6E6575726C272C0A202020202020202020202020202020202020202020202020202020202020202020202020202020207B0A2020202020202020202020202020202020202020202020202020202020202020202020202020202020202744454641554C5427203D3E20275C275C27272C0A202020202020202020202020202020202020202020202020202020202020202020202020202020202020274E4F544E554C4C27203D3E20312C0A202020202020202020202020202020202020202020202020202020202020202020202020202020202020275459504527203D3E202754494E5954455854270A202020202020202020202020202020202020202020202020202020202020202020202020202020207D2C0A2020202020202020202020202020202020202020202020202020202020202020202020202020202027646973616C6C6F776E6577272C0A202020202020202020202020202020202020202020202020202020202020202020202020202020207B0A2020202020202020202020202020202020202020202020202020202020202020202020202020202020202744454641554C5427203D3E20302C0A202020202020202020202020202020202020202020202020202020202020202020202020202020202020274E4F544E554C4C27203D3E20312C0A202020202020202020202020202020202020202020202020202020202020202020202020202020202020275459504527203D3E2027424F4F4C45414E270A202020202020202020202020202020202020202020202020202020202020202020202020202020207D2C0A2020202020202020202020202020202020202020202020202020202020202020202020202020202027766F74657370657275736572272C0A202020202020202020202020202020202020202020202020202020202020202020202020202020207B0A2020202020202020202020202020202020202020202020202020202020202020202020202020202020202744454641554C5427203D3E20302C0A202020202020202020202020202020202020202020202020202020202020202020202020202020202020274E4F544E554C4C27203D3E20312C0A202020202020202020202020202020202020202020202020202020202020202020202020202020202020275459504527203D3E2027494E5432270A202020202020202020202020202020202020202020202020202020202020202020202020202020207D2C0A20202020202020202020202020202020202020202020202020202020202020202020202020202020276D6178766F746573706572627567272C0A202020202020202020202020202020202020202020202020202020202020202020202020202020207B0A2020202020202020202020202020202020202020202020202020202020202020202020202020202020202744454641554C5427203D3E20273130303030272C0A202020202020202020202020202020202020202020202020202020202020202020202020202020202020274E4F544E554C4C27203D3E20312C0A202020202020202020202020202020202020202020202020202020202020202020202020202020202020275459504527203D3E2027494E5432270A202020202020202020202020202020202020202020202020202020202020202020202020202020207D2C0A2020202020202020202020202020202020202020202020202020202020202020202020202020202027766F746573746F636F6E6669726D272C0A202020202020202020202020202020202020202020202020202020202020202020202020202020207B0A2020202020202020202020202020202020202020202020202020202020202020202020202020202020202744454641554C5427203D3E20302C0A202020202020202020202020202020202020202020202020202020202020202020202020202020202020274E4F544E554C4C27203D3E20312C0A202020202020202020202020202020202020202020202020202020202020202020202020202020202020275459504527203D3E2027494E5432270A202020202020202020202020202020202020202020202020202020202020202020202020202020207D2C0A202020202020202020202020202020202020202020202020202020202020202020202020202020202764656661756C746D696C6573746F6E65272C0A202020202020202020202020202020202020202020202020202020202020202020202020202020207B0A2020202020202020202020202020202020202020202020202020202020202020202020202020202020202744454641554C5427203D3E20275C272D2D2D5C27272C0A202020202020202020202020202020202020202020202020202020202020202020202020202020202020274E4F544E554C4C27203D3E20312C0A202020202020202020202020202020202020202020202020202020202020202020202020202020202020275459504527203D3E20277661726368617228323029270A202020202020202020202020202020202020202020202020202020202020202020202020202020207D0A20202020202020202020202020202020202020202020202020202020202020202020202020205D2C0A202020202020202020202020202020202020202020202020202027494E444558455327203D3E205B0A20202020202020202020202020202020202020202020202020202020202020202020202020202020202770726F64756374735F6E616D655F696478272C0A20202020202020202020202020202020202020202020202020202020202020202020202020202020207B0A20202020202020202020202020202020202020202020202020202020202020202020202020202020202020274649454C445327203D3E205B0A202020202020202020202020202020202020202020202020202020202020202020202020202020202020202020202020202020202020202020276E616D65270A202020202020202020202020202020202020202020202020202020202020202020202020202020202020202020202020202020202020205D2C0A20202020202020202020202020202020202020202020202020202020202020202020202020202020202020275459504527203D3E2027554E49515545270A20202020202020202020202020202020202020202020202020202020202020202020202020202020207D0A2020202020202020202020202020202020202020202020202020202020202020202020202020205D0A2020202020202020202020202020202020202020202020207D2C0A202020202020202020202770726F66696C655F73657474696E6727203D3E207B0A202020202020202020202020202020202020202020202020202020202020202020274649454C445327203D3E205B0A202020202020202020202020202020202020202020202020202020202020202020202020202020202020202020202027757365725F6964272C0A20202020202020202020202020202020202020202020202020202020202020202020202020202020202020202020207B0A20202020202020202020202020202020202020202020202020202020202020202020202020202020202020202020202020274E4F544E554C4C27203D3E20312C0A20202020202020202020202020202020202020202020202020202020202020202020202020202020202020202020202020275245464552454E43455327203D3E207B0A2020202020202020202020202020202020202020202020202020202020202020202020202020202020202020202020202020202020202020202020202020202020202027434F4C554D4E27203D3E2027757365726964272C0A202020202020202020202020202020202020202020202020202020202020202020202020202020202020202020202020202020202020202020202020202020202020202744454C45544527203D3E202743415343414445272C0A20202020202020202020202020202020202020202020202020202020202020202020202020202020202020202020202020202020202020202020202020202020202020275441424C4527203D3E202770726F66696C6573270A20202020202020202020202020202020202020202020202020202020202020202020202020202020202020202020202020202020202020202020202020202020207D2C0A20202020202020202020202020202020202020202020202020202020202020202020202020202020202020202020202020275459504527203D3E2027494E5433270A20202020202020202020202020202020202020202020202020202020202020202020202020202020202020202020207D2C0A20202020202020202020202020202020202020202020202020202020202020202020202020202020202020202020202773657474696E675F6E616D65272C0A20202020202020202020202020202020202020202020202020202020202020202020202020202020202020202020207B0A20202020202020202020202020202020202020202020202020202020202020202020202020202020202020202020202020274E4F544E554C4C27203D3E20312C0A20202020202020202020202020202020202020202020202020202020202020202020202020202020202020202020202020275459504527203D3E20277661726368617228333229270A20202020202020202020202020202020202020202020202020202020202020202020202020202020202020202020207D2C0A20202020202020202020202020202020202020202020202020202020202020202020202020202020202020202020202773657474696E675F76616C7565272C0A20202020202020202020202020202020202020202020202020202020202020202020202020202020202020202020207B0A20202020202020202020202020202020202020202020202020202020202020202020202020202020202020202020202020274E4F544E554C4C27203D3E20312C0A20202020202020202020202020202020202020202020202020202020202020202020202020202020202020202020202020275459504527203D3E20277661726368617228333229270A20202020202020202020202020202020202020202020202020202020202020202020202020202020202020202020207D0A2020202020202020202020202020202020202020202020202020202020202020202020202020202020202020205D2C0A20202020202020202020202020202020202020202020202020202020202020202027494E444558455327203D3E205B0A2020202020202020202020202020202020202020202020202020202020202020202020202020202020202020202020202770726F66696C655F73657474696E675F76616C75655F756E697175655F696478272C0A2020202020202020202020202020202020202020202020202020202020202020202020202020202020202020202020207B0A2020202020202020202020202020202020202020202020202020202020202020202020202020202020202020202020202020274649454C445327203D3E205B0A2020202020202020202020202020202020202020202020202020202020202020202020202020202020202020202020202020202020202020202020202020202027757365725F6964272C0A202020202020202020202020202020202020202020202020202020202020202020202020202020202020202020202020202020202020202020202020202020202773657474696E675F6E616D65270A20202020202020202020202020202020202020202020202020202020202020202020202020202020202020202020202020202020202020202020202020205D2C0A2020202020202020202020202020202020202020202020202020202020202020202020202020202020202020202020202020275459504527203D3E2027554E49515545270A2020202020202020202020202020202020202020202020202020202020202020202020202020202020202020202020207D0A202020202020202020202020202020202020202020202020202020202020202020202020202020202020202020205D0A202020202020202020202020202020202020202020202020202020202020207D2C0A202020202020202020202770726F66696C657327203D3E207B0A2020202020202020202020202020202020202020202020202020274649454C445327203D3E205B0A2020202020202020202020202020202020202020202020202020202020202020202020202020202027757365726964272C0A202020202020202020202020202020202020202020202020202020202020202020202020202020207B0A202020202020202020202020202020202020202020202020202020202020202020202020202020202020274E4F544E554C4C27203D3E20312C0A202020202020202020202020202020202020202020202020202020202020202020202020202020202020275052494D4152594B455927203D3E20312C0A202020202020202020202020202020202020202020202020202020202020202020202020202020202020275459504527203D3E20274D454449554D53455249414C270A202020202020202020202020202020202020202020202020202020202020202020202020202020207D2C0A20202020202020202020202020202020202020202020202020202020202020202020202020202020276C6F67696E5F6E616D65272C0A202020202020202020202020202020202020202020202020202020202020202020202020202020207B0A202020202020202020202020202020202020202020202020202020202020202020202020202020202020274E4F544E554C4C27203D3E20312C0A202020202020202020202020202020202020202020202020202020202020202020202020202020202020275459504527203D3E2027766172636861722832353529270A202020202020202020202020202020202020202020202020202020202020202020202020202020207D2C0A2020202020202020202020202020202020202020202020202020202020202020202020202020202027637279707470617373776F7264272C0A202020202020202020202020202020202020202020202020202020202020202020202020202020207B0A202020202020202020202020202020202020202020202020202020202020202020202020202020202020275459504527203D3E2027766172636861722831323829270A202020202020202020202020202020202020202020202020202020202020202020202020202020207D2C0A20202020202020202020202020202020202020202020202020202020202020202020202020202020277265616C6E616D65272C0A202020202020202020202020202020202020202020202020202020202020202020202020202020207B0A2020202020202020202020202020202020202020202020202020202020202020202020202020202020202744454641554C5427203D3E20275C275C27272C0A202020202020202020202020202020202020202020202020202020202020202020202020202020202020274E4F544E554C4C27203D3E20312C0A202020202020202020202020202020202020202020202020202020202020202020202020202020202020275459504527203D3E2027766172636861722832353529270A202020202020202020202020202020202020202020202020202020202020202020202020202020207D2C0A202020202020202020202020202020202020202020202020202020202020202020202020202020202764697361626C656474657874272C0A202020202020202020202020202020202020202020202020202020202020202020202020202020207B0A2020202020202020202020202020202020202020202020202020202020202020202020202020202020202744454641554C5427203D3E20275C275C27272C0A202020202020202020202020202020202020202020202020202020202020202020202020202020202020274E4F544E554C4C27203D3E20312C0A202020202020202020202020202020202020202020202020202020202020202020202020202020202020275459504527203D3E20274D454449554D54455854270A202020202020202020202020202020202020202020202020202020202020202020202020202020207D2C0A202020202020202020202020202020202020202020202020202020202020202020202020202020202764697361626C655F6D61696C272C0A202020202020202020202020202020202020202020202020202020202020202020202020202020207B0A2020202020202020202020202020202020202020202020202020202020202020202020202020202020202744454641554C5427203D3E202746414C5345272C0A202020202020202020202020202020202020202020202020202020202020202020202020202020202020274E4F544E554C4C27203D3E20312C0A202020202020202020202020202020202020202020202020202020202020202020202020202020202020275459504527203D3E2027424F4F4C45414E270A202020202020202020202020202020202020202020202020202020202020202020202020202020207D2C0A20202020202020202020202020202020202020202020202020202020202020202020202020202020276D79627567736C696E6B272C0A202020202020202020202020202020202020202020202020202020202020202020202020202020207B0A2020202020202020202020202020202020202020202020202020202020202020202020202020202020202744454641554C5427203D3E202754525545272C0A202020202020202020202020202020202020202020202020202020202020202020202020202020202020274E4F544E554C4C27203D3E20312C0A202020202020202020202020202020202020202020202020202020202020202020202020202020202020275459504527203D3E2027424F4F4C45414E270A202020202020202020202020202020202020202020202020202020202020202020202020202020207D2C0A202020202020202020202020202020202020202020202020202020202020202020202020202020202765787465726E5F6964272C0A202020202020202020202020202020202020202020202020202020202020202020202020202020207B0A202020202020202020202020202020202020202020202020202020202020202020202020202020202020275459504527203D3E20277661726368617228363429270A202020202020202020202020202020202020202020202020202020202020202020202020202020207D0A20202020202020202020202020202020202020202020202020202020202020202020202020205D2C0A202020202020202020202020202020202020202020202020202027494E444558455327203D3E205B0A20202020202020202020202020202020202020202020202020202020202020202020202020202020202770726F66696C65735F6C6F67696E5F6E616D655F696478272C0A20202020202020202020202020202020202020202020202020202020202020202020202020202020207B0A20202020202020202020202020202020202020202020202020202020202020202020202020202020202020274649454C445327203D3E205B0A202020202020202020202020202020202020202020202020202020202020202020202020202020202020202020202020202020202020202020276C6F67696E5F6E616D65270A202020202020202020202020202020202020202020202020202020202020202020202020202020202020202020202020202020202020205D2C0A20202020202020202020202020202020202020202020202020202020202020202020202020202020202020275459504527203D3E2027554E49515545270A20202020202020202020202020202020202020202020202020202020202020202020202020202020207D0A2020202020202020202020202020202020202020202020202020202020202020202020202020205D0A2020202020202020202020202020202020202020202020207D2C0A202020202020202020202770726F66696C65735F616374697669747927203D3E207B0A2020202020202020202020202020202020202020202020202020202020202020202020274649454C445327203D3E205B0A2020202020202020202020202020202020202020202020202020202020202020202020202020202020202020202020202027757365726964272C0A202020202020202020202020202020202020202020202020202020202020202020202020202020202020202020202020207B0A202020202020202020202020202020202020202020202020202020202020202020202020202020202020202020202020202020274E4F544E554C4C27203D3E20312C0A202020202020202020202020202020202020202020202020202020202020202020202020202020202020202020202020202020275245464552454E43455327203D3E207B0A20202020202020202020202020202020202020202020202020202020202020202020202020202020202020202020202020202020202020202020202020202020202020202027434F4C554D4E27203D3E2027757365726964272C0A2020202020202020202020202020202020202020202020202020202020202020202020202020202020202020202020202020202020202020202020202020202020202020202744454C45544527203D3E202743415343414445272C0A202020202020202020202020202020202020202020202020202020202020202020202020202020202020202020202020202020202020202020202020202020202020202020275441424C4527203D3E202770726F66696C6573270A202020202020202020202020202020202020202020202020202020202020202020202020202020202020202020202020202020202020202020202020202020202020207D2C0A202020202020202020202020202020202020202020202020202020202020202020202020202020202020202020202020202020275459504527203D3E2027494E5433270A202020202020202020202020202020202020202020202020202020202020202020202020202020202020202020202020207D2C0A202020202020202020202020202020202020202020202020202020202020202020202020202020202020202020202020202777686F272C0A202020202020202020202020202020202020202020202020202020202020202020202020202020202020202020202020207B0A202020202020202020202020202020202020202020202020202020202020202020202020202020202020202020202020202020274E4F544E554C4C27203D3E20312C0A202020202020202020202020202020202020202020202020202020202020202020202020202020202020202020202020202020275245464552454E43455327203D3E207B0A20202020202020202020202020202020202020202020202020202020202020202020202020202020202020202020202020202020202020202020202020202020202020202027434F4C554D4E27203D3E2027757365726964272C0A202020202020202020202020202020202020202020202020202020202020202020202020202020202020202020202020202020202020202020202020202020202020202020275441424C4527203D3E202770726F66696C6573270A202020202020202020202020202020202020202020202020202020202020202020202020202020202020202020202020202020202020202020202020202020202020207D2C0A202020202020202020202020202020202020202020202020202020202020202020202020202020202020202020202020202020275459504527203D3E2027494E5433270A202020202020202020202020202020202020202020202020202020202020202020202020202020202020202020202020207D2C0A202020202020202020202020202020202020202020202020202020202020202020202020202020202020202020202020202770726F66696C65735F7768656E272C0A202020202020202020202020202020202020202020202020202020202020202020202020202020202020202020202020207B0A202020202020202020202020202020202020202020202020202020202020202020202020202020202020202020202020202020274E4F544E554C4C27203D3E20312C0A202020202020202020202020202020202020202020202020202020202020202020202020202020202020202020202020202020275459504527203D3E20274441544554494D45270A202020202020202020202020202020202020202020202020202020202020202020202020202020202020202020202020207D2C0A20202020202020202020202020202020202020202020202020202020202020202020202020202020202020202020202020276669656C646964272C0A202020202020202020202020202020202020202020202020202020202020202020202020202020202020202020202020207B0A202020202020202020202020202020202020202020202020202020202020202020202020202020202020202020202020202020274E4F544E554C4C27203D3E20312C0A202020202020202020202020202020202020202020202020202020202020202020202020202020202020202020202020202020275245464552454E43455327203D3E207B0A20202020202020202020202020202020202020202020202020202020202020202020202020202020202020202020202020202020202020202020202020202020202020202027434F4C554D4E27203D3E20276964272C0A202020202020202020202020202020202020202020202020202020202020202020202020202020202020202020202020202020202020202020202020202020202020202020275441424C4527203D3E20276669656C6464656673270A202020202020202020202020202020202020202020202020202020202020202020202020202020202020202020202020202020202020202020202020202020202020207D2C0A202020202020202020202020202020202020202020202020202020202020202020202020202020202020202020202020202020275459504527203D3E2027494E5433270A202020202020202020202020202020202020202020202020202020202020202020202020202020202020202020202020207D2C0A20202020202020202020202020202020202020202020202020202020202020202020202020202020202020202020202020276F6C6476616C7565272C0A202020202020202020202020202020202020202020202020202020202020202020202020202020202020202020202020207B0A202020202020202020202020202020202020202020202020202020202020202020202020202020202020202020202020202020275459504527203D3E202754494E5954455854270A202020202020202020202020202020202020202020202020202020202020202020202020202020202020202020202020207D2C0A20202020202020202020202020202020202020202020202020202020202020202020202020202020202020202020202020276E657776616C7565272C0A202020202020202020202020202020202020202020202020202020202020202020202020202020202020202020202020207B0A202020202020202020202020202020202020202020202020202020202020202020202020202020202020202020202020202020275459504527203D3E202754494E5954455854270A202020202020202020202020202020202020202020202020202020202020202020202020202020202020202020202020207D0A20202020202020202020202020202020202020202020202020202020202020202020202020202020202020202020205D2C0A202020202020202020202020202020202020202020202020202020202020202020202027494E444558455327203D3E205B0A20202020202020202020202020202020202020202020202020202020202020202020202020202020202020202020202020202770726F66696C65735F61637469766974795F7573657269645F696478272C0A20202020202020202020202020202020202020202020202020202020202020202020202020202020202020202020202020205B0A2020202020202020202020202020202020202020202020202020202020202020202020202020202020202020202020202020202027757365726964270A20202020202020202020202020202020202020202020202020202020202020202020202020202020202020202020202020205D2C0A20202020202020202020202020202020202020202020202020202020202020202020202020202020202020202020202020202770726F66696C65735F61637469766974795F70726F66696C65735F7768656E5F696478272C0A20202020202020202020202020202020202020202020202020202020202020202020202020202020202020202020202020205B0A202020202020202020202020202020202020202020202020202020202020202020202020202020202020202020202020202020202770726F66696C65735F7768656E270A20202020202020202020202020202020202020202020202020202020202020202020202020202020202020202020202020205D2C0A20202020202020202020202020202020202020202020202020202020202020202020202020202020202020202020202020202770726F66696C65735F61637469766974795F6669656C6469645F696478272C0A20202020202020202020202020202020202020202020202020202020202020202020202020202020202020202020202020205B0A20202020202020202020202020202020202020202020202020202020202020202020202020202020202020202020202020202020276669656C646964270A20202020202020202020202020202020202020202020202020202020202020202020202020202020202020202020202020205D0A2020202020202020202020202020202020202020202020202020202020202020202020202020202020202020202020205D0A2020202020202020202020202020202020202020202020202020202020202020207D2C0A2020202020202020202027717569707327203D3E207B0A2020202020202020202020202020202020202020202020274649454C445327203D3E205B0A2020202020202020202020202020202020202020202020202020202020202020202020202027717569706964272C0A202020202020202020202020202020202020202020202020202020202020202020202020207B0A202020202020202020202020202020202020202020202020202020202020202020202020202020274E4F544E554C4C27203D3E20312C0A202020202020202020202020202020202020202020202020202020202020202020202020202020275052494D4152594B455927203D3E20312C0A202020202020202020202020202020202020202020202020202020202020202020202020202020275459504527203D3E20274D454449554D53455249414C270A202020202020202020202020202020202020202020202020202020202020202020202020207D2C0A2020202020202020202020202020202020202020202020202020202020202020202020202027757365726964272C0A202020202020202020202020202020202020202020202020202020202020202020202020207B0A202020202020202020202020202020202020202020202020202020202020202020202020202020275459504527203D3E2027494E5433270A202020202020202020202020202020202020202020202020202020202020202020202020207D2C0A202020202020202020202020202020202020202020202020202020202020202020202020202771756970272C0A202020202020202020202020202020202020202020202020202020202020202020202020207B0A202020202020202020202020202020202020202020202020202020202020202020202020202020274E4F544E554C4C27203D3E20312C0A202020202020202020202020202020202020202020202020202020202020202020202020202020275459504527203D3E20274D454449554D54455854270A202020202020202020202020202020202020202020202020202020202020202020202020207D2C0A2020202020202020202020202020202020202020202020202020202020202020202020202027617070726F766564272C0A202020202020202020202020202020202020202020202020202020202020202020202020207B0A2020202020202020202020202020202020202020202020202020202020202020202020202020202744454641554C5427203D3E202754525545272C0A202020202020202020202020202020202020202020202020202020202020202020202020202020274E4F544E554C4C27203D3E20312C0A202020202020202020202020202020202020202020202020202020202020202020202020202020275459504527203D3E2027424F4F4C45414E270A202020202020202020202020202020202020202020202020202020202020202020202020207D0A20202020202020202020202020202020202020202020202020202020202020202020205D0A2020202020202020202020202020202020202020207D2C0A20202020202020202020277265705F706C6174666F726D27203D3E207B0A202020202020202020202020202020202020202020202020202020202020274649454C445327203D3E205B0A2020202020202020202020202020202020202020202020202020202020202020202020202020202020202020276964272C0A20202020202020202020202020202020202020202020202020202020202020202020202020202020202020207B0A20202020202020202020202020202020202020202020202020202020202020202020202020202020202020202020274E4F544E554C4C27203D3E20312C0A20202020202020202020202020202020202020202020202020202020202020202020202020202020202020202020275052494D4152594B455927203D3E20312C0A20202020202020202020202020202020202020202020202020202020202020202020202020202020202020202020275459504527203D3E2027534D414C4C53455249414C270A20202020202020202020202020202020202020202020202020202020202020202020202020202020202020207D2C0A20202020202020202020202020202020202020202020202020202020202020202020202020202020202020202776616C7565272C0A20202020202020202020202020202020202020202020202020202020202020202020202020202020202020207B0A20202020202020202020202020202020202020202020202020202020202020202020202020202020202020202020274E4F544E554C4C27203D3E20312C0A20202020202020202020202020202020202020202020202020202020202020202020202020202020202020202020275459504527203D3E20277661726368617228363429270A20202020202020202020202020202020202020202020202020202020202020202020202020202020202020207D2C0A202020202020202020202020202020202020202020202020202020202020202020202020202020202020202027736F72746B6579272C0A20202020202020202020202020202020202020202020202020202020202020202020202020202020202020207B0A202020202020202020202020202020202020202020202020202020202020202020202020202020202020202020202744454641554C5427203D3E20302C0A20202020202020202020202020202020202020202020202020202020202020202020202020202020202020202020274E4F544E554C4C27203D3E20312C0A20202020202020202020202020202020202020202020202020202020202020202020202020202020202020202020275459504527203D3E2027494E5432270A20202020202020202020202020202020202020202020202020202020202020202020202020202020202020207D2C0A2020202020202020202020202020202020202020202020202020202020202020202020202020202020202020276973616374697665272C0A20202020202020202020202020202020202020202020202020202020202020202020202020202020202020207B0A202020202020202020202020202020202020202020202020202020202020202020202020202020202020202020202744454641554C5427203D3E202754525545272C0A20202020202020202020202020202020202020202020202020202020202020202020202020202020202020202020274E4F544E554C4C27203D3E20312C0A20202020202020202020202020202020202020202020202020202020202020202020202020202020202020202020275459504527203D3E2027424F4F4C45414E270A20202020202020202020202020202020202020202020202020202020202020202020202020202020202020207D0A2020202020202020202020202020202020202020202020202020202020202020202020202020202020205D2C0A20202020202020202020202020202020202020202020202020202020202027494E444558455327203D3E205B0A202020202020202020202020202020202020202020202020202020202020202020202020202020202020202020277265705F706C6174666F726D5F76616C75655F696478272C0A2020202020202020202020202020202020202020202020202020202020202020202020202020202020202020207B0A2020202020202020202020202020202020202020202020202020202020202020202020202020202020202020202020274649454C445327203D3E205B0A202020202020202020202020202020202020202020202020202020202020202020202020202020202020202020202020202020202020202020202020202776616C7565270A20202020202020202020202020202020202020202020202020202020202020202020202020202020202020202020202020202020202020202020205D2C0A2020202020202020202020202020202020202020202020202020202020202020202020202020202020202020202020275459504527203D3E2027554E49515545270A2020202020202020202020202020202020202020202020202020202020202020202020202020202020202020207D2C0A202020202020202020202020202020202020202020202020202020202020202020202020202020202020202020277265705F706C6174666F726D5F736F72746B65795F696478272C0A2020202020202020202020202020202020202020202020202020202020202020202020202020202020202020205B0A202020202020202020202020202020202020202020202020202020202020202020202020202020202020202020202027736F72746B6579272C0A20202020202020202020202020202020202020202020202020202020202020202020202020202020202020202020202776616C7565270A2020202020202020202020202020202020202020202020202020202020202020202020202020202020202020205D0A202020202020202020202020202020202020202020202020202020202020202020202020202020202020205D0A202020202020202020202020202020202020202020202020202020207D2C0A20202020202020202020277265736F6C7574696F6E27203D3E207B0A20202020202020202020202020202020202020202020202020202020274649454C445327203D3E205B0A202020202020202020202020202020202020202020202020202020202020202020202020202020202020276964272C0A2020202020202020202020202020202020202020202020202020202020202020202020202020202020207B0A2020202020202020202020202020202020202020202020202020202020202020202020202020202020202020274E4F544E554C4C27203D3E20312C0A2020202020202020202020202020202020202020202020202020202020202020202020202020202020202020275052494D4152594B455927203D3E20312C0A2020202020202020202020202020202020202020202020202020202020202020202020202020202020202020275459504527203D3E2027534D414C4C53455249414C270A2020202020202020202020202020202020202020202020202020202020202020202020202020202020207D2C0A2020202020202020202020202020202020202020202020202020202020202020202020202020202020202776616C7565272C0A2020202020202020202020202020202020202020202020202020202020202020202020202020202020207B0A2020202020202020202020202020202020202020202020202020202020202020202020202020202020202020274E4F544E554C4C27203D3E20312C0A2020202020202020202020202020202020202020202020202020202020202020202020202020202020202020275459504527203D3E20277661726368617228363429270A2020202020202020202020202020202020202020202020202020202020202020202020202020202020207D2C0A20202020202020202020202020202020202020202020202020202020202020202020202020202020202027736F72746B6579272C0A2020202020202020202020202020202020202020202020202020202020202020202020202020202020207B0A20202020202020202020202020202020202020202020202020202020202020202020202020202020202020202744454641554C5427203D3E20302C0A2020202020202020202020202020202020202020202020202020202020202020202020202020202020202020274E4F544E554C4C27203D3E20312C0A2020202020202020202020202020202020202020202020202020202020202020202020202020202020202020275459504527203D3E2027494E5432270A2020202020202020202020202020202020202020202020202020202020202020202020202020202020207D2C0A202020202020202020202020202020202020202020202020202020202020202020202020202020202020276973616374697665272C0A2020202020202020202020202020202020202020202020202020202020202020202020202020202020207B0A20202020202020202020202020202020202020202020202020202020202020202020202020202020202020202744454641554C5427203D3E202754525545272C0A2020202020202020202020202020202020202020202020202020202020202020202020202020202020202020274E4F544E554C4C27203D3E20312C0A2020202020202020202020202020202020202020202020202020202020202020202020202020202020202020275459504527203D3E2027424F4F4C45414E270A2020202020202020202020202020202020202020202020202020202020202020202020202020202020207D0A202020202020202020202020202020202020202020202020202020202020202020202020202020205D2C0A2020202020202020202020202020202020202020202020202020202027494E444558455327203D3E205B0A20202020202020202020202020202020202020202020202020202020202020202020202020202020202020277265736F6C7574696F6E5F76616C75655F696478272C0A202020202020202020202020202020202020202020202020202020202020202020202020202020202020207B0A202020202020202020202020202020202020202020202020202020202020202020202020202020202020202020274649454C445327203D3E205B0A20202020202020202020202020202020202020202020202020202020202020202020202020202020202020202020202020202020202020202020202776616C7565270A2020202020202020202020202020202020202020202020202020202020202020202020202020202020202020202020202020202020202020205D2C0A202020202020202020202020202020202020202020202020202020202020202020202020202020202020202020275459504527203D3E2027554E49515545270A202020202020202020202020202020202020202020202020202020202020202020202020202020202020207D2C0A20202020202020202020202020202020202020202020202020202020202020202020202020202020202020277265736F6C7574696F6E5F736F72746B65795F696478272C0A202020202020202020202020202020202020202020202020202020202020202020202020202020202020205B0A20202020202020202020202020202020202020202020202020202020202020202020202020202020202020202027736F72746B6579272C0A2020202020202020202020202020202020202020202020202020202020202020202020202020202020202020202776616C7565270A202020202020202020202020202020202020202020202020202020202020202020202020202020202020205D0A20202020202020202020202020202020202020202020202020202020202020202020202020202020205D0A20202020202020202020202020202020202020202020202020207D2C0A202020202020202020202773657269657327203D3E207B0A202020202020202020202020202020202020202020202020274649454C445327203D3E205B0A2020202020202020202020202020202020202020202020202020202020202020202020202020277365726965735F6964272C0A20202020202020202020202020202020202020202020202020202020202020202020202020207B0A20202020202020202020202020202020202020202020202020202020202020202020202020202020274E4F544E554C4C27203D3E20312C0A20202020202020202020202020202020202020202020202020202020202020202020202020202020275052494D4152594B455927203D3E20312C0A20202020202020202020202020202020202020202020202020202020202020202020202020202020275459504527203D3E20274D454449554D53455249414C270A20202020202020202020202020202020202020202020202020202020202020202020202020207D2C0A20202020202020202020202020202020202020202020202020202020202020202020202020202763726561746F72272C0A20202020202020202020202020202020202020202020202020202020202020202020202020207B0A20202020202020202020202020202020202020202020202020202020202020202020202020202020275459504527203D3E2027494E5433270A20202020202020202020202020202020202020202020202020202020202020202020202020207D2C0A20202020202020202020202020202020202020202020202020202020202020202020202020202763617465676F7279272C0A20202020202020202020202020202020202020202020202020202020202020202020202020207B0A20202020202020202020202020202020202020202020202020202020202020202020202020202020274E4F544E554C4C27203D3E20312C0A20202020202020202020202020202020202020202020202020202020202020202020202020202020275459504527203D3E2027494E5432270A20202020202020202020202020202020202020202020202020202020202020202020202020207D2C0A20202020202020202020202020202020202020202020202020202020202020202020202020202773756263617465676F7279272C0A20202020202020202020202020202020202020202020202020202020202020202020202020207B0A20202020202020202020202020202020202020202020202020202020202020202020202020202020274E4F544E554C4C27203D3E20312C0A20202020202020202020202020202020202020202020202020202020202020202020202020202020275459504527203D3E2027494E5432270A20202020202020202020202020202020202020202020202020202020202020202020202020207D2C0A2020202020202020202020202020202020202020202020202020202020202020202020202020276E616D65272C0A20202020202020202020202020202020202020202020202020202020202020202020202020207B0A20202020202020202020202020202020202020202020202020202020202020202020202020202020274E4F544E554C4C27203D3E20312C0A20202020202020202020202020202020202020202020202020202020202020202020202020202020275459504527203D3E20277661726368617228363429270A20202020202020202020202020202020202020202020202020202020202020202020202020207D2C0A2020202020202020202020202020202020202020202020202020202020202020202020202020276672657175656E6379272C0A20202020202020202020202020202020202020202020202020202020202020202020202020207B0A20202020202020202020202020202020202020202020202020202020202020202020202020202020274E4F544E554C4C27203D3E20312C0A20202020202020202020202020202020202020202020202020202020202020202020202020202020275459504527203D3E2027494E5432270A20202020202020202020202020202020202020202020202020202020202020202020202020207D2C0A2020202020202020202020202020202020202020202020202020202020202020202020202020276C6173745F766965776564272C0A20202020202020202020202020202020202020202020202020202020202020202020202020207B0A20202020202020202020202020202020202020202020202020202020202020202020202020202020275459504527203D3E20274441544554494D45270A20202020202020202020202020202020202020202020202020202020202020202020202020207D2C0A2020202020202020202020202020202020202020202020202020202020202020202020202020277175657279272C0A20202020202020202020202020202020202020202020202020202020202020202020202020207B0A20202020202020202020202020202020202020202020202020202020202020202020202020202020274E4F544E554C4C27203D3E20312C0A20202020202020202020202020202020202020202020202020202020202020202020202020202020275459504527203D3E20274D454449554D54455854270A20202020202020202020202020202020202020202020202020202020202020202020202020207D2C0A20202020202020202020202020202020202020202020202020202020202020202020202020202769735F7075626C6963272C0A20202020202020202020202020202020202020202020202020202020202020202020202020207B0A202020202020202020202020202020202020202020202020202020202020202020202020202020202744454641554C5427203D3E202746414C5345272C0A20202020202020202020202020202020202020202020202020202020202020202020202020202020274E4F544E554C4C27203D3E20312C0A20202020202020202020202020202020202020202020202020202020202020202020202020202020275459504527203D3E2027424F4F4C45414E270A20202020202020202020202020202020202020202020202020202020202020202020202020207D0A2020202020202020202020202020202020202020202020202020202020202020202020205D2C0A20202020202020202020202020202020202020202020202027494E444558455327203D3E205B0A202020202020202020202020202020202020202020202020202020202020202020202020202020277365726965735F63726561746F725F696478272C0A2020202020202020202020202020202020202020202020202020202020202020202020202020207B0A2020202020202020202020202020202020202020202020202020202020202020202020202020202020274649454C445327203D3E205B0A202020202020202020202020202020202020202020202020202020202020202020202020202020202020202020202020202020202020202763726561746F72272C0A202020202020202020202020202020202020202020202020202020202020202020202020202020202020202020202020202020202020202763617465676F7279272C0A202020202020202020202020202020202020202020202020202020202020202020202020202020202020202020202020202020202020202773756263617465676F7279272C0A20202020202020202020202020202020202020202020202020202020202020202020202020202020202020202020202020202020202020276E616D65270A20202020202020202020202020202020202020202020202020202020202020202020202020202020202020202020202020202020205D2C0A2020202020202020202020202020202020202020202020202020202020202020202020202020202020275459504527203D3E2027554E49515545270A2020202020202020202020202020202020202020202020202020202020202020202020202020207D0A202020202020202020202020202020202020202020202020202020202020202020202020205D0A202020202020202020202020202020202020202020207D2C0A20202020202020202020277365726965735F63617465676F7269657327203D3E207B0A2020202020202020202020202020202020202020202020202020202020202020202020274649454C445327203D3E205B0A20202020202020202020202020202020202020202020202020202020202020202020202020202020202020202020202020276964272C0A202020202020202020202020202020202020202020202020202020202020202020202020202020202020202020202020207B0A202020202020202020202020202020202020202020202020202020202020202020202020202020202020202020202020202020274E4F544E554C4C27203D3E20312C0A202020202020202020202020202020202020202020202020202020202020202020202020202020202020202020202020202020275052494D4152594B455927203D3E20312C0A202020202020202020202020202020202020202020202020202020202020202020202020202020202020202020202020202020275459504527203D3E2027534D414C4C53455249414C270A202020202020202020202020202020202020202020202020202020202020202020202020202020202020202020202020207D2C0A20202020202020202020202020202020202020202020202020202020202020202020202020202020202020202020202020276E616D65272C0A202020202020202020202020202020202020202020202020202020202020202020202020202020202020202020202020207B0A202020202020202020202020202020202020202020202020202020202020202020202020202020202020202020202020202020274E4F544E554C4C27203D3E20312C0A202020202020202020202020202020202020202020202020202020202020202020202020202020202020202020202020202020275459504527203D3E20277661726368617228363429270A202020202020202020202020202020202020202020202020202020202020202020202020202020202020202020202020207D0A20202020202020202020202020202020202020202020202020202020202020202020202020202020202020202020205D2C0A202020202020202020202020202020202020202020202020202020202020202020202027494E444558455327203D3E205B0A2020202020202020202020202020202020202020202020202020202020202020202020202020202020202020202020202020277365726965735F63617465676F726965735F6E616D655F696478272C0A20202020202020202020202020202020202020202020202020202020202020202020202020202020202020202020202020207B0A20202020202020202020202020202020202020202020202020202020202020202020202020202020202020202020202020202020274649454C445327203D3E205B0A202020202020202020202020202020202020202020202020202020202020202020202020202020202020202020202020202020202020202020202020202020202020276E616D65270A202020202020202020202020202020202020202020202020202020202020202020202020202020202020202020202020202020202020202020202020202020205D2C0A20202020202020202020202020202020202020202020202020202020202020202020202020202020202020202020202020202020275459504527203D3E2027554E49515545270A20202020202020202020202020202020202020202020202020202020202020202020202020202020202020202020202020207D0A2020202020202020202020202020202020202020202020202020202020202020202020202020202020202020202020205D0A2020202020202020202020202020202020202020202020202020202020202020207D2C0A20202020202020202020277365726965735F6461746127203D3E207B0A2020202020202020202020202020202020202020202020202020202020274649454C445327203D3E205B0A20202020202020202020202020202020202020202020202020202020202020202020202020202020202020277365726965735F6964272C0A202020202020202020202020202020202020202020202020202020202020202020202020202020202020207B0A202020202020202020202020202020202020202020202020202020202020202020202020202020202020202020274E4F544E554C4C27203D3E20312C0A202020202020202020202020202020202020202020202020202020202020202020202020202020202020202020275459504527203D3E2027494E5433270A202020202020202020202020202020202020202020202020202020202020202020202020202020202020207D2C0A20202020202020202020202020202020202020202020202020202020202020202020202020202020202020277365726965735F64617465272C0A202020202020202020202020202020202020202020202020202020202020202020202020202020202020207B0A202020202020202020202020202020202020202020202020202020202020202020202020202020202020202020274E4F544E554C4C27203D3E20312C0A202020202020202020202020202020202020202020202020202020202020202020202020202020202020202020275459504527203D3E20274441544554494D45270A202020202020202020202020202020202020202020202020202020202020202020202020202020202020207D2C0A20202020202020202020202020202020202020202020202020202020202020202020202020202020202020277365726965735F76616C7565272C0A202020202020202020202020202020202020202020202020202020202020202020202020202020202020207B0A202020202020202020202020202020202020202020202020202020202020202020202020202020202020202020274E4F544E554C4C27203D3E20312C0A202020202020202020202020202020202020202020202020202020202020202020202020202020202020202020275459504527203D3E2027494E5433270A202020202020202020202020202020202020202020202020202020202020202020202020202020202020207D0A20202020202020202020202020202020202020202020202020202020202020202020202020202020205D2C0A202020202020202020202020202020202020202020202020202020202027494E444558455327203D3E205B0A2020202020202020202020202020202020202020202020202020202020202020202020202020202020202020277365726965735F646174615F7365726965735F69645F696478272C0A20202020202020202020202020202020202020202020202020202020202020202020202020202020202020207B0A20202020202020202020202020202020202020202020202020202020202020202020202020202020202020202020274649454C445327203D3E205B0A202020202020202020202020202020202020202020202020202020202020202020202020202020202020202020202020202020202020202020202020277365726965735F6964272C0A202020202020202020202020202020202020202020202020202020202020202020202020202020202020202020202020202020202020202020202020277365726965735F64617465270A202020202020202020202020202020202020202020202020202020202020202020202020202020202020202020202020202020202020202020205D2C0A20202020202020202020202020202020202020202020202020202020202020202020202020202020202020202020275459504527203D3E2027554E49515545270A20202020202020202020202020202020202020202020202020202020202020202020202020202020202020207D0A2020202020202020202020202020202020202020202020202020202020202020202020202020202020205D0A2020202020202020202020202020202020202020202020202020207D2C0A202020202020202020202773657474696E6727203D3E207B0A20202020202020202020202020202020202020202020202020274649454C445327203D3E205B0A202020202020202020202020202020202020202020202020202020202020202020202020202020276E616D65272C0A2020202020202020202020202020202020202020202020202020202020202020202020202020207B0A2020202020202020202020202020202020202020202020202020202020202020202020202020202020274E4F544E554C4C27203D3E20312C0A2020202020202020202020202020202020202020202020202020202020202020202020202020202020275052494D4152594B455927203D3E20312C0A2020202020202020202020202020202020202020202020202020202020202020202020202020202020275459504527203D3E20277661726368617228333229270A2020202020202020202020202020202020202020202020202020202020202020202020202020207D2C0A2020202020202020202020202020202020202020202020202020202020202020202020202020202764656661756C745F76616C7565272C0A2020202020202020202020202020202020202020202020202020202020202020202020202020207B0A2020202020202020202020202020202020202020202020202020202020202020202020202020202020274E4F544E554C4C27203D3E20312C0A2020202020202020202020202020202020202020202020202020202020202020202020202020202020275459504527203D3E20277661726368617228333229270A2020202020202020202020202020202020202020202020202020202020202020202020202020207D2C0A2020202020202020202020202020202020202020202020202020202020202020202020202020202769735F656E61626C6564272C0A2020202020202020202020202020202020202020202020202020202020202020202020202020207B0A20202020202020202020202020202020202020202020202020202020202020202020202020202020202744454641554C5427203D3E202754525545272C0A2020202020202020202020202020202020202020202020202020202020202020202020202020202020274E4F544E554C4C27203D3E20312C0A2020202020202020202020202020202020202020202020202020202020202020202020202020202020275459504527203D3E2027424F4F4C45414E270A2020202020202020202020202020202020202020202020202020202020202020202020202020207D2C0A20202020202020202020202020202020202020202020202020202020202020202020202020202027737562636C617373272C0A2020202020202020202020202020202020202020202020202020202020202020202020202020207B0A2020202020202020202020202020202020202020202020202020202020202020202020202020202020275459504527203D3E20277661726368617228333229270A2020202020202020202020202020202020202020202020202020202020202020202020202020207D0A202020202020202020202020202020202020202020202020202020202020202020202020205D0A20202020202020202020202020202020202020202020207D2C0A202020202020202020202773657474696E675F76616C756527203D3E207B0A20202020202020202020202020202020202020202020202020202020202020274649454C445327203D3E205B0A202020202020202020202020202020202020202020202020202020202020202020202020202020202020202020276E616D65272C0A2020202020202020202020202020202020202020202020202020202020202020202020202020202020202020207B0A2020202020202020202020202020202020202020202020202020202020202020202020202020202020202020202020274E4F544E554C4C27203D3E20312C0A2020202020202020202020202020202020202020202020202020202020202020202020202020202020202020202020275459504527203D3E20277661726368617228333229270A2020202020202020202020202020202020202020202020202020202020202020202020202020202020202020207D2C0A2020202020202020202020202020202020202020202020202020202020202020202020202020202020202020202776616C7565272C0A2020202020202020202020202020202020202020202020202020202020202020202020202020202020202020207B0A2020202020202020202020202020202020202020202020202020202020202020202020202020202020202020202020274E4F544E554C4C27203D3E20312C0A2020202020202020202020202020202020202020202020202020202020202020202020202020202020202020202020275459504527203D3E20277661726368617228333229270A2020202020202020202020202020202020202020202020202020202020202020202020202020202020202020207D2C0A20202020202020202020202020202020202020202020202020202020202020202020202020202020202020202027736F7274696E646578272C0A2020202020202020202020202020202020202020202020202020202020202020202020202020202020202020207B0A2020202020202020202020202020202020202020202020202020202020202020202020202020202020202020202020274E4F544E554C4C27203D3E20312C0A2020202020202020202020202020202020202020202020202020202020202020202020202020202020202020202020275459504527203D3E2027494E5432270A2020202020202020202020202020202020202020202020202020202020202020202020202020202020202020207D0A202020202020202020202020202020202020202020202020202020202020202020202020202020202020205D2C0A2020202020202020202020202020202020202020202020202020202020202027494E444558455327203D3E205B0A202020202020202020202020202020202020202020202020202020202020202020202020202020202020202020202773657474696E675F76616C75655F6E765F756E697175655F696478272C0A202020202020202020202020202020202020202020202020202020202020202020202020202020202020202020207B0A202020202020202020202020202020202020202020202020202020202020202020202020202020202020202020202020274649454C445327203D3E205B0A2020202020202020202020202020202020202020202020202020202020202020202020202020202020202020202020202020202020202020202020202020276E616D65272C0A20202020202020202020202020202020202020202020202020202020202020202020202020202020202020202020202020202020202020202020202020202776616C7565270A2020202020202020202020202020202020202020202020202020202020202020202020202020202020202020202020202020202020202020202020205D2C0A202020202020202020202020202020202020202020202020202020202020202020202020202020202020202020202020275459504527203D3E2027554E49515545270A202020202020202020202020202020202020202020202020202020202020202020202020202020202020202020207D2C0A202020202020202020202020202020202020202020202020202020202020202020202020202020202020202020202773657474696E675F76616C75655F6E735F756E697175655F696478272C0A202020202020202020202020202020202020202020202020202020202020202020202020202020202020202020207B0A202020202020202020202020202020202020202020202020202020202020202020202020202020202020202020202020274649454C445327203D3E205B0A2020202020202020202020202020202020202020202020202020202020202020202020202020202020202020202020202020202020202020202020202020276E616D65272C0A202020202020202020202020202020202020202020202020202020202020202020202020202020202020202020202020202020202020202020202020202027736F7274696E646578270A2020202020202020202020202020202020202020202020202020202020202020202020202020202020202020202020202020202020202020202020205D2C0A202020202020202020202020202020202020202020202020202020202020202020202020202020202020202020202020275459504527203D3E2027554E49515545270A202020202020202020202020202020202020202020202020202020202020202020202020202020202020202020207D0A20202020202020202020202020202020202020202020202020202020202020202020202020202020202020205D0A20202020202020202020202020202020202020202020202020202020207D2C0A20202020202020202020277374617475735F776F726B666C6F7727203D3E207B0A202020202020202020202020202020202020202020202020202020202020202020274649454C445327203D3E205B0A2020202020202020202020202020202020202020202020202020202020202020202020202020202020202020202020276F6C645F737461747573272C0A20202020202020202020202020202020202020202020202020202020202020202020202020202020202020202020207B0A20202020202020202020202020202020202020202020202020202020202020202020202020202020202020202020202020275459504527203D3E2027494E5432270A20202020202020202020202020202020202020202020202020202020202020202020202020202020202020202020207D2C0A2020202020202020202020202020202020202020202020202020202020202020202020202020202020202020202020276E65775F737461747573272C0A20202020202020202020202020202020202020202020202020202020202020202020202020202020202020202020207B0A20202020202020202020202020202020202020202020202020202020202020202020202020202020202020202020202020274E4F544E554C4C27203D3E20312C0A20202020202020202020202020202020202020202020202020202020202020202020202020202020202020202020202020275459504527203D3E2027494E5432270A20202020202020202020202020202020202020202020202020202020202020202020202020202020202020202020207D2C0A202020202020202020202020202020202020202020202020202020202020202020202020202020202020202020202027726571756972655F636F6D6D656E74272C0A20202020202020202020202020202020202020202020202020202020202020202020202020202020202020202020207B0A202020202020202020202020202020202020202020202020202020202020202020202020202020202020202020202020202744454641554C5427203D3E20302C0A20202020202020202020202020202020202020202020202020202020202020202020202020202020202020202020202020274E4F544E554C4C27203D3E20312C0A20202020202020202020202020202020202020202020202020202020202020202020202020202020202020202020202020275459504527203D3E2027494E5431270A20202020202020202020202020202020202020202020202020202020202020202020202020202020202020202020207D0A2020202020202020202020202020202020202020202020202020202020202020202020202020202020202020205D2C0A20202020202020202020202020202020202020202020202020202020202020202027494E444558455327203D3E205B0A202020202020202020202020202020202020202020202020202020202020202020202020202020202020202020202020277374617475735F776F726B666C6F775F696478272C0A2020202020202020202020202020202020202020202020202020202020202020202020202020202020202020202020207B0A2020202020202020202020202020202020202020202020202020202020202020202020202020202020202020202020202020274649454C445327203D3E205B0A20202020202020202020202020202020202020202020202020202020202020202020202020202020202020202020202020202020202020202020202020202020276F6C645F737461747573272C0A20202020202020202020202020202020202020202020202020202020202020202020202020202020202020202020202020202020202020202020202020202020276E65775F737461747573270A20202020202020202020202020202020202020202020202020202020202020202020202020202020202020202020202020202020202020202020202020205D2C0A2020202020202020202020202020202020202020202020202020202020202020202020202020202020202020202020202020275459504527203D3E2027554E49515545270A2020202020202020202020202020202020202020202020202020202020202020202020202020202020202020202020207D0A202020202020202020202020202020202020202020202020202020202020202020202020202020202020202020205D0A202020202020202020202020202020202020202020202020202020202020207D2C0A2020202020202020202027746F6B656E7327203D3E207B0A202020202020202020202020202020202020202020202020274649454C445327203D3E205B0A202020202020202020202020202020202020202020202020202020202020202020202020202027757365726964272C0A20202020202020202020202020202020202020202020202020202020202020202020202020207B0A20202020202020202020202020202020202020202020202020202020202020202020202020202020275245464552454E43455327203D3E207B0A2020202020202020202020202020202020202020202020202020202020202020202020202020202020202020202020202020202020202020202027434F4C554D4E27203D3E2027757365726964272C0A202020202020202020202020202020202020202020202020202020202020202020202020202020202020202020202020202020202020202020202744454C45544527203D3E202743415343414445272C0A20202020202020202020202020202020202020202020202020202020202020202020202020202020202020202020202020202020202020202020275441424C4527203D3E202770726F66696C6573270A20202020202020202020202020202020202020202020202020202020202020202020202020202020202020202020202020202020202020207D2C0A20202020202020202020202020202020202020202020202020202020202020202020202020202020275459504527203D3E2027494E5433270A20202020202020202020202020202020202020202020202020202020202020202020202020207D2C0A202020202020202020202020202020202020202020202020202020202020202020202020202027697373756564617465272C0A20202020202020202020202020202020202020202020202020202020202020202020202020207B0A20202020202020202020202020202020202020202020202020202020202020202020202020202020274E4F544E554C4C27203D3E20312C0A20202020202020202020202020202020202020202020202020202020202020202020202020202020275459504527203D3E20274441544554494D45270A20202020202020202020202020202020202020202020202020202020202020202020202020207D2C0A202020202020202020202020202020202020202020202020202020202020202020202020202027746F6B656E272C0A20202020202020202020202020202020202020202020202020202020202020202020202020207B0A20202020202020202020202020202020202020202020202020202020202020202020202020202020274E4F544E554C4C27203D3E20312C0A20202020202020202020202020202020202020202020202020202020202020202020202020202020275052494D4152594B455927203D3E20312C0A20202020202020202020202020202020202020202020202020202020202020202020202020202020275459504527203D3E20277661726368617228313629270A20202020202020202020202020202020202020202020202020202020202020202020202020207D2C0A202020202020202020202020202020202020202020202020202020202020202020202020202027746F6B656E74797065272C0A20202020202020202020202020202020202020202020202020202020202020202020202020207B0A20202020202020202020202020202020202020202020202020202020202020202020202020202020274E4F544E554C4C27203D3E20312C0A20202020202020202020202020202020202020202020202020202020202020202020202020202020275459504527203D3E202776617263686172283829270A20202020202020202020202020202020202020202020202020202020202020202020202020207D2C0A2020202020202020202020202020202020202020202020202020202020202020202020202020276576656E7464617461272C0A20202020202020202020202020202020202020202020202020202020202020202020202020207B0A20202020202020202020202020202020202020202020202020202020202020202020202020202020275459504527203D3E202754494E5954455854270A20202020202020202020202020202020202020202020202020202020202020202020202020207D0A2020202020202020202020202020202020202020202020202020202020202020202020205D2C0A20202020202020202020202020202020202020202020202027494E444558455327203D3E205B0A20202020202020202020202020202020202020202020202020202020202020202020202020202027746F6B656E735F7573657269645F696478272C0A2020202020202020202020202020202020202020202020202020202020202020202020202020205B0A202020202020202020202020202020202020202020202020202020202020202020202020202020202027757365726964270A2020202020202020202020202020202020202020202020202020202020202020202020202020205D0A202020202020202020202020202020202020202020202020202020202020202020202020205D0A202020202020202020202020202020202020202020207D2C0A2020202020202020202027757365725F67726F75705F6D617027203D3E207B0A2020202020202020202020202020202020202020202020202020202020202020274649454C445327203D3E205B0A2020202020202020202020202020202020202020202020202020202020202020202020202020202020202020202027757365725F6964272C0A202020202020202020202020202020202020202020202020202020202020202020202020202020202020202020207B0A202020202020202020202020202020202020202020202020202020202020202020202020202020202020202020202020274E4F544E554C4C27203D3E20312C0A202020202020202020202020202020202020202020202020202020202020202020202020202020202020202020202020275459504527203D3E2027494E5433270A202020202020202020202020202020202020202020202020202020202020202020202020202020202020202020207D2C0A202020202020202020202020202020202020202020202020202020202020202020202020202020202020202020202767726F75705F6964272C0A202020202020202020202020202020202020202020202020202020202020202020202020202020202020202020207B0A202020202020202020202020202020202020202020202020202020202020202020202020202020202020202020202020274E4F544E554C4C27203D3E20312C0A202020202020202020202020202020202020202020202020202020202020202020202020202020202020202020202020275459504527203D3E2027494E5433270A202020202020202020202020202020202020202020202020202020202020202020202020202020202020202020207D2C0A20202020202020202020202020202020202020202020202020202020202020202020202020202020202020202020276973626C657373272C0A202020202020202020202020202020202020202020202020202020202020202020202020202020202020202020207B0A2020202020202020202020202020202020202020202020202020202020202020202020202020202020202020202020202744454641554C5427203D3E202746414C5345272C0A202020202020202020202020202020202020202020202020202020202020202020202020202020202020202020202020274E4F544E554C4C27203D3E20312C0A202020202020202020202020202020202020202020202020202020202020202020202020202020202020202020202020275459504527203D3E2027424F4F4C45414E270A202020202020202020202020202020202020202020202020202020202020202020202020202020202020202020207D2C0A20202020202020202020202020202020202020202020202020202020202020202020202020202020202020202020276772616E745F74797065272C0A202020202020202020202020202020202020202020202020202020202020202020202020202020202020202020207B0A2020202020202020202020202020202020202020202020202020202020202020202020202020202020202020202020202744454641554C5427203D3E202730272C0A202020202020202020202020202020202020202020202020202020202020202020202020202020202020202020202020274E4F544E554C4C27203D3E20312C0A202020202020202020202020202020202020202020202020202020202020202020202020202020202020202020202020275459504527203D3E2027494E5431270A202020202020202020202020202020202020202020202020202020202020202020202020202020202020202020207D0A20202020202020202020202020202020202020202020202020202020202020202020202020202020202020205D2C0A202020202020202020202020202020202020202020202020202020202020202027494E444558455327203D3E205B0A202020202020202020202020202020202020202020202020202020202020202020202020202020202020202020202027757365725F67726F75705F6D61705F757365725F69645F696478272C0A20202020202020202020202020202020202020202020202020202020202020202020202020202020202020202020207B0A20202020202020202020202020202020202020202020202020202020202020202020202020202020202020202020202020274649454C445327203D3E205B0A20202020202020202020202020202020202020202020202020202020202020202020202020202020202020202020202020202020202020202020202020202027757365725F6964272C0A2020202020202020202020202020202020202020202020202020202020202020202020202020202020202020202020202020202020202020202020202020202767726F75705F6964272C0A202020202020202020202020202020202020202020202020202020202020202020202020202020202020202020202020202020202020202020202020202020276772616E745F74797065272C0A202020202020202020202020202020202020202020202020202020202020202020202020202020202020202020202020202020202020202020202020202020276973626C657373270A202020202020202020202020202020202020202020202020202020202020202020202020202020202020202020202020202020202020202020202020205D2C0A20202020202020202020202020202020202020202020202020202020202020202020202020202020202020202020202020275459504527203D3E2027554E49515545270A20202020202020202020202020202020202020202020202020202020202020202020202020202020202020202020207D0A2020202020202020202020202020202020202020202020202020202020202020202020202020202020202020205D0A2020202020202020202020202020202020202020202020202020202020207D2C0A202020202020202020202776657273696F6E7327203D3E207B0A2020202020202020202020202020202020202020202020202020274649454C445327203D3E205B0A20202020202020202020202020202020202020202020202020202020202020202020202020202020276964272C0A202020202020202020202020202020202020202020202020202020202020202020202020202020207B0A202020202020202020202020202020202020202020202020202020202020202020202020202020202020274E4F544E554C4C27203D3E20312C0A202020202020202020202020202020202020202020202020202020202020202020202020202020202020275052494D4152594B455927203D3E20312C0A202020202020202020202020202020202020202020202020202020202020202020202020202020202020275459504527203D3E20274D454449554D53455249414C270A202020202020202020202020202020202020202020202020202020202020202020202020202020207D2C0A202020202020202020202020202020202020202020202020202020202020202020202020202020202776616C7565272C0A202020202020202020202020202020202020202020202020202020202020202020202020202020207B0A202020202020202020202020202020202020202020202020202020202020202020202020202020202020274E4F544E554C4C27203D3E20312C0A202020202020202020202020202020202020202020202020202020202020202020202020202020202020275459504527203D3E20277661726368617228363429270A202020202020202020202020202020202020202020202020202020202020202020202020202020207D2C0A202020202020202020202020202020202020202020202020202020202020202020202020202020202770726F647563745F6964272C0A202020202020202020202020202020202020202020202020202020202020202020202020202020207B0A202020202020202020202020202020202020202020202020202020202020202020202020202020202020274E4F544E554C4C27203D3E20312C0A202020202020202020202020202020202020202020202020202020202020202020202020202020202020275459504527203D3E2027494E5432270A202020202020202020202020202020202020202020202020202020202020202020202020202020207D0A20202020202020202020202020202020202020202020202020202020202020202020202020205D2C0A202020202020202020202020202020202020202020202020202027494E444558455327203D3E205B0A20202020202020202020202020202020202020202020202020202020202020202020202020202020202776657273696F6E735F70726F647563745F69645F696478272C0A20202020202020202020202020202020202020202020202020202020202020202020202020202020207B0A20202020202020202020202020202020202020202020202020202020202020202020202020202020202020274649454C445327203D3E205B0A2020202020202020202020202020202020202020202020202020202020202020202020202020202020202020202020202020202020202020202770726F647563745F6964272C0A2020202020202020202020202020202020202020202020202020202020202020202020202020202020202020202020202020202020202020202776616C7565270A202020202020202020202020202020202020202020202020202020202020202020202020202020202020202020202020202020202020205D2C0A20202020202020202020202020202020202020202020202020202020202020202020202020202020202020275459504527203D3E2027554E49515545270A20202020202020202020202020202020202020202020202020202020202020202020202020202020207D0A2020202020202020202020202020202020202020202020202020202020202020202020202020205D0A2020202020202020202020202020202020202020202020207D2C0A2020202020202020202027766F74657327203D3E207B0A2020202020202020202020202020202020202020202020274649454C445327203D3E205B0A202020202020202020202020202020202020202020202020202020202020202020202020202777686F272C0A202020202020202020202020202020202020202020202020202020202020202020202020207B0A202020202020202020202020202020202020202020202020202020202020202020202020202020274E4F544E554C4C27203D3E20312C0A202020202020202020202020202020202020202020202020202020202020202020202020202020275245464552454E43455327203D3E207B0A20202020202020202020202020202020202020202020202020202020202020202020202020202020202020202020202020202020202020202027434F4C554D4E27203D3E2027757365726964272C0A2020202020202020202020202020202020202020202020202020202020202020202020202020202020202020202020202020202020202020202744454C45544527203D3E202743415343414445272C0A202020202020202020202020202020202020202020202020202020202020202020202020202020202020202020202020202020202020202020275441424C4527203D3E202770726F66696C6573270A202020202020202020202020202020202020202020202020202020202020202020202020202020202020202020202020202020202020207D2C0A202020202020202020202020202020202020202020202020202020202020202020202020202020275459504527203D3E2027494E5433270A202020202020202020202020202020202020202020202020202020202020202020202020207D2C0A20202020202020202020202020202020202020202020202020202020202020202020202020276275675F6964272C0A202020202020202020202020202020202020202020202020202020202020202020202020207B0A202020202020202020202020202020202020202020202020202020202020202020202020202020274E4F544E554C4C27203D3E20312C0A202020202020202020202020202020202020202020202020202020202020202020202020202020275459504527203D3E2027494E5433270A202020202020202020202020202020202020202020202020202020202020202020202020207D2C0A2020202020202020202020202020202020202020202020202020202020202020202020202027766F74655F636F756E74272C0A202020202020202020202020202020202020202020202020202020202020202020202020207B0A202020202020202020202020202020202020202020202020202020202020202020202020202020274E4F544E554C4C27203D3E20312C0A202020202020202020202020202020202020202020202020202020202020202020202020202020275459504527203D3E2027494E5432270A202020202020202020202020202020202020202020202020202020202020202020202020207D0A20202020202020202020202020202020202020202020202020202020202020202020205D2C0A202020202020202020202020202020202020202020202027494E444558455327203D3E205B0A202020202020202020202020202020202020202020202020202020202020202020202020202027766F7465735F77686F5F696478272C0A20202020202020202020202020202020202020202020202020202020202020202020202020205B0A202020202020202020202020202020202020202020202020202020202020202020202020202020202777686F270A20202020202020202020202020202020202020202020202020202020202020202020202020205D2C0A202020202020202020202020202020202020202020202020202020202020202020202020202027766F7465735F6275675F69645F696478272C0A20202020202020202020202020202020202020202020202020202020202020202020202020205B0A20202020202020202020202020202020202020202020202020202020202020202020202020202020276275675F6964270A20202020202020202020202020202020202020202020202020202020202020202020202020205D0A2020202020202020202020202020202020202020202020202020202020202020202020205D0A2020202020202020202020202020202020202020207D2C0A2020202020202020202027776174636827203D3E207B0A2020202020202020202020202020202020202020202020274649454C445327203D3E205B0A202020202020202020202020202020202020202020202020202020202020202020202020202777617463686572272C0A202020202020202020202020202020202020202020202020202020202020202020202020207B0A202020202020202020202020202020202020202020202020202020202020202020202020202020274E4F544E554C4C27203D3E20312C0A202020202020202020202020202020202020202020202020202020202020202020202020202020275245464552454E43455327203D3E207B0A20202020202020202020202020202020202020202020202020202020202020202020202020202020202020202020202020202020202020202027434F4C554D4E27203D3E2027757365726964272C0A2020202020202020202020202020202020202020202020202020202020202020202020202020202020202020202020202020202020202020202744454C45544527203D3E202743415343414445272C0A202020202020202020202020202020202020202020202020202020202020202020202020202020202020202020202020202020202020202020275441424C4527203D3E202770726F66696C6573270A202020202020202020202020202020202020202020202020202020202020202020202020202020202020202020202020202020202020207D2C0A202020202020202020202020202020202020202020202020202020202020202020202020202020275459504527203D3E2027494E5433270A202020202020202020202020202020202020202020202020202020202020202020202020207D2C0A202020202020202020202020202020202020202020202020202020202020202020202020202777617463686564272C0A202020202020202020202020202020202020202020202020202020202020202020202020207B0A202020202020202020202020202020202020202020202020202020202020202020202020202020274E4F544E554C4C27203D3E20312C0A202020202020202020202020202020202020202020202020202020202020202020202020202020275245464552454E43455327203D3E207B0A20202020202020202020202020202020202020202020202020202020202020202020202020202020202020202020202020202020202020202027434F4C554D4E27203D3E2027757365726964272C0A2020202020202020202020202020202020202020202020202020202020202020202020202020202020202020202020202020202020202020202744454C45544527203D3E202743415343414445272C0A202020202020202020202020202020202020202020202020202020202020202020202020202020202020202020202020202020202020202020275441424C4527203D3E202770726F66696C6573270A202020202020202020202020202020202020202020202020202020202020202020202020202020202020202020202020202020202020207D2C0A202020202020202020202020202020202020202020202020202020202020202020202020202020275459504527203D3E2027494E5433270A202020202020202020202020202020202020202020202020202020202020202020202020207D0A20202020202020202020202020202020202020202020202020202020202020202020205D2C0A202020202020202020202020202020202020202020202027494E444558455327203D3E205B0A20202020202020202020202020202020202020202020202020202020202020202020202020202777617463685F776174636865725F696478272C0A20202020202020202020202020202020202020202020202020202020202020202020202020207B0A20202020202020202020202020202020202020202020202020202020202020202020202020202020274649454C445327203D3E205B0A2020202020202020202020202020202020202020202020202020202020202020202020202020202020202020202020202020202020202777617463686572272C0A2020202020202020202020202020202020202020202020202020202020202020202020202020202020202020202020202020202020202777617463686564270A202020202020202020202020202020202020202020202020202020202020202020202020202020202020202020202020202020205D2C0A20202020202020202020202020202020202020202020202020202020202020202020202020202020275459504527203D3E2027554E49515545270A20202020202020202020202020202020202020202020202020202020202020202020202020207D2C0A20202020202020202020202020202020202020202020202020202020202020202020202020202777617463685F776174636865645F696478272C0A20202020202020202020202020202020202020202020202020202020202020202020202020205B0A202020202020202020202020202020202020202020202020202020202020202020202020202020202777617463686564270A20202020202020202020202020202020202020202020202020202020202020202020202020205D0A2020202020202020202020202020202020202020202020202020202020202020202020205D0A2020202020202020202020202020202020202020207D2C0A20202020202020202020277768696E655F6576656E747327203D3E207B0A202020202020202020202020202020202020202020202020202020202020274649454C445327203D3E205B0A2020202020202020202020202020202020202020202020202020202020202020202020202020202020202020276964272C0A20202020202020202020202020202020202020202020202020202020202020202020202020202020202020207B0A20202020202020202020202020202020202020202020202020202020202020202020202020202020202020202020274E4F544E554C4C27203D3E20312C0A20202020202020202020202020202020202020202020202020202020202020202020202020202020202020202020275052494D4152594B455927203D3E20312C0A20202020202020202020202020202020202020202020202020202020202020202020202020202020202020202020275459504527203D3E20274D454449554D53455249414C270A20202020202020202020202020202020202020202020202020202020202020202020202020202020202020207D2C0A2020202020202020202020202020202020202020202020202020202020202020202020202020202020202020276F776E65725F757365726964272C0A20202020202020202020202020202020202020202020202020202020202020202020202020202020202020207B0A20202020202020202020202020202020202020202020202020202020202020202020202020202020202020202020274E4F544E554C4C27203D3E20312C0A20202020202020202020202020202020202020202020202020202020202020202020202020202020202020202020275245464552454E43455327203D3E207B0A2020202020202020202020202020202020202020202020202020202020202020202020202020202020202020202020202020202020202020202020202020202027434F4C554D4E27203D3E2027757365726964272C0A202020202020202020202020202020202020202020202020202020202020202020202020202020202020202020202020202020202020202020202020202020202744454C45544527203D3E202743415343414445272C0A20202020202020202020202020202020202020202020202020202020202020202020202020202020202020202020202020202020202020202020202020202020275441424C4527203D3E202770726F66696C6573270A20202020202020202020202020202020202020202020202020202020202020202020202020202020202020202020202020202020202020202020202020207D2C0A20202020202020202020202020202020202020202020202020202020202020202020202020202020202020202020275459504527203D3E2027494E5433270A20202020202020202020202020202020202020202020202020202020202020202020202020202020202020207D2C0A2020202020202020202020202020202020202020202020202020202020202020202020202020202020202020277375626A656374272C0A20202020202020202020202020202020202020202020202020202020202020202020202020202020202020207B0A20202020202020202020202020202020202020202020202020202020202020202020202020202020202020202020275459504527203D3E2027766172636861722831323829270A20202020202020202020202020202020202020202020202020202020202020202020202020202020202020207D2C0A202020202020202020202020202020202020202020202020202020202020202020202020202020202020202027626F6479272C0A20202020202020202020202020202020202020202020202020202020202020202020202020202020202020207B0A20202020202020202020202020202020202020202020202020202020202020202020202020202020202020202020275459504527203D3E20274D454449554D54455854270A20202020202020202020202020202020202020202020202020202020202020202020202020202020202020207D0A2020202020202020202020202020202020202020202020202020202020202020202020202020202020205D0A202020202020202020202020202020202020202020202020202020207D2C0A20202020202020202020277768696E655F7175657269657327203D3E207B0A20202020202020202020202020202020202020202020202020202020202020274649454C445327203D3E205B0A202020202020202020202020202020202020202020202020202020202020202020202020202020202020202020276964272C0A2020202020202020202020202020202020202020202020202020202020202020202020202020202020202020207B0A2020202020202020202020202020202020202020202020202020202020202020202020202020202020202020202020274E4F544E554C4C27203D3E20312C0A2020202020202020202020202020202020202020202020202020202020202020202020202020202020202020202020275052494D4152594B455927203D3E20312C0A2020202020202020202020202020202020202020202020202020202020202020202020202020202020202020202020275459504527203D3E20274D454449554D53455249414C270A2020202020202020202020202020202020202020202020202020202020202020202020202020202020202020207D2C0A202020202020202020202020202020202020202020202020202020202020202020202020202020202020202020276576656E746964272C0A2020202020202020202020202020202020202020202020202020202020202020202020202020202020202020207B0A2020202020202020202020202020202020202020202020202020202020202020202020202020202020202020202020274E4F544E554C4C27203D3E20312C0A2020202020202020202020202020202020202020202020202020202020202020202020202020202020202020202020275245464552454E43455327203D3E207B0A202020202020202020202020202020202020202020202020202020202020202020202020202020202020202020202020202020202020202020202020202020202027434F4C554D4E27203D3E20276964272C0A20202020202020202020202020202020202020202020202020202020202020202020202020202020202020202020202020202020202020202020202020202020202744454C45544527203D3E202743415343414445272C0A2020202020202020202020202020202020202020202020202020202020202020202020202020202020202020202020202020202020202020202020202020202020275441424C4527203D3E20277768696E655F6576656E7473270A2020202020202020202020202020202020202020202020202020202020202020202020202020202020202020202020202020202020202020202020202020207D2C0A2020202020202020202020202020202020202020202020202020202020202020202020202020202020202020202020275459504527203D3E2027494E5433270A2020202020202020202020202020202020202020202020202020202020202020202020202020202020202020207D2C0A2020202020202020202020202020202020202020202020202020202020202020202020202020202020202020202771756572795F6E616D65272C0A2020202020202020202020202020202020202020202020202020202020202020202020202020202020202020207B0A20202020202020202020202020202020202020202020202020202020202020202020202020202020202020202020202744454641554C5427203D3E20275C275C27272C0A2020202020202020202020202020202020202020202020202020202020202020202020202020202020202020202020274E4F544E554C4C27203D3E20312C0A2020202020202020202020202020202020202020202020202020202020202020202020202020202020202020202020275459504527203D3E20277661726368617228363429270A2020202020202020202020202020202020202020202020202020202020202020202020202020202020202020207D2C0A20202020202020202020202020202020202020202020202020202020202020202020202020202020202020202027736F72746B6579272C0A2020202020202020202020202020202020202020202020202020202020202020202020202020202020202020207B0A20202020202020202020202020202020202020202020202020202020202020202020202020202020202020202020202744454641554C5427203D3E202730272C0A2020202020202020202020202020202020202020202020202020202020202020202020202020202020202020202020274E4F544E554C4C27203D3E20312C0A2020202020202020202020202020202020202020202020202020202020202020202020202020202020202020202020275459504527203D3E2027494E5432270A2020202020202020202020202020202020202020202020202020202020202020202020202020202020202020207D2C0A202020202020202020202020202020202020202020202020202020202020202020202020202020202020202020276F6E656D61696C706572627567272C0A2020202020202020202020202020202020202020202020202020202020202020202020202020202020202020207B0A20202020202020202020202020202020202020202020202020202020202020202020202020202020202020202020202744454641554C5427203D3E202746414C5345272C0A2020202020202020202020202020202020202020202020202020202020202020202020202020202020202020202020274E4F544E554C4C27203D3E20312C0A2020202020202020202020202020202020202020202020202020202020202020202020202020202020202020202020275459504527203D3E2027424F4F4C45414E270A2020202020202020202020202020202020202020202020202020202020202020202020202020202020202020207D2C0A202020202020202020202020202020202020202020202020202020202020202020202020202020202020202020277469746C65272C0A2020202020202020202020202020202020202020202020202020202020202020202020202020202020202020207B0A20202020202020202020202020202020202020202020202020202020202020202020202020202020202020202020202744454641554C5427203D3E20275C275C27272C0A2020202020202020202020202020202020202020202020202020202020202020202020202020202020202020202020274E4F544E554C4C27203D3E20312C0A2020202020202020202020202020202020202020202020202020202020202020202020202020202020202020202020275459504527203D3E2027766172636861722831323829270A2020202020202020202020202020202020202020202020202020202020202020202020202020202020202020207D0A202020202020202020202020202020202020202020202020202020202020202020202020202020202020205D2C0A2020202020202020202020202020202020202020202020202020202020202027494E444558455327203D3E205B0A20202020202020202020202020202020202020202020202020202020202020202020202020202020202020202020277768696E655F717565726965735F6576656E7469645F696478272C0A202020202020202020202020202020202020202020202020202020202020202020202020202020202020202020205B0A202020202020202020202020202020202020202020202020202020202020202020202020202020202020202020202020276576656E746964270A202020202020202020202020202020202020202020202020202020202020202020202020202020202020202020205D0A20202020202020202020202020202020202020202020202020202020202020202020202020202020202020205D0A20202020202020202020202020202020202020202020202020202020207D2C0A20202020202020202020277768696E655F7363686564756C657327203D3E207B0A202020202020202020202020202020202020202020202020202020202020202020274649454C445327203D3E205B0A2020202020202020202020202020202020202020202020202020202020202020202020202020202020202020202020276964272C0A20202020202020202020202020202020202020202020202020202020202020202020202020202020202020202020207B0A20202020202020202020202020202020202020202020202020202020202020202020202020202020202020202020202020274E4F544E554C4C27203D3E20312C0A20202020202020202020202020202020202020202020202020202020202020202020202020202020202020202020202020275052494D4152594B455927203D3E20312C0A20202020202020202020202020202020202020202020202020202020202020202020202020202020202020202020202020275459504527203D3E20274D454449554D53455249414C270A20202020202020202020202020202020202020202020202020202020202020202020202020202020202020202020207D2C0A2020202020202020202020202020202020202020202020202020202020202020202020202020202020202020202020276576656E746964272C0A20202020202020202020202020202020202020202020202020202020202020202020202020202020202020202020207B0A20202020202020202020202020202020202020202020202020202020202020202020202020202020202020202020202020274E4F544E554C4C27203D3E20312C0A20202020202020202020202020202020202020202020202020202020202020202020202020202020202020202020202020275245464552454E43455327203D3E207B0A2020202020202020202020202020202020202020202020202020202020202020202020202020202020202020202020202020202020202020202020202020202020202027434F4C554D4E27203D3E20276964272C0A202020202020202020202020202020202020202020202020202020202020202020202020202020202020202020202020202020202020202020202020202020202020202744454C45544527203D3E202743415343414445272C0A20202020202020202020202020202020202020202020202020202020202020202020202020202020202020202020202020202020202020202020202020202020202020275441424C4527203D3E20277768696E655F6576656E7473270A20202020202020202020202020202020202020202020202020202020202020202020202020202020202020202020202020202020202020202020202020202020207D2C0A20202020202020202020202020202020202020202020202020202020202020202020202020202020202020202020202020275459504527203D3E2027494E5433270A20202020202020202020202020202020202020202020202020202020202020202020202020202020202020202020207D2C0A20202020202020202020202020202020202020202020202020202020202020202020202020202020202020202020202772756E5F646179272C0A20202020202020202020202020202020202020202020202020202020202020202020202020202020202020202020207B0A20202020202020202020202020202020202020202020202020202020202020202020202020202020202020202020202020275459504527203D3E20277661726368617228333229270A20202020202020202020202020202020202020202020202020202020202020202020202020202020202020202020207D2C0A20202020202020202020202020202020202020202020202020202020202020202020202020202020202020202020202772756E5F74696D65272C0A20202020202020202020202020202020202020202020202020202020202020202020202020202020202020202020207B0A20202020202020202020202020202020202020202020202020202020202020202020202020202020202020202020202020275459504527203D3E20277661726368617228333229270A20202020202020202020202020202020202020202020202020202020202020202020202020202020202020202020207D2C0A20202020202020202020202020202020202020202020202020202020202020202020202020202020202020202020202772756E5F6E657874272C0A20202020202020202020202020202020202020202020202020202020202020202020202020202020202020202020207B0A20202020202020202020202020202020202020202020202020202020202020202020202020202020202020202020202020275459504527203D3E20274441544554494D45270A20202020202020202020202020202020202020202020202020202020202020202020202020202020202020202020207D2C0A2020202020202020202020202020202020202020202020202020202020202020202020202020202020202020202020276D61696C746F272C0A20202020202020202020202020202020202020202020202020202020202020202020202020202020202020202020207B0A20202020202020202020202020202020202020202020202020202020202020202020202020202020202020202020202020274E4F544E554C4C27203D3E20312C0A20202020202020202020202020202020202020202020202020202020202020202020202020202020202020202020202020275459504527203D3E2027494E5433270A20202020202020202020202020202020202020202020202020202020202020202020202020202020202020202020207D2C0A2020202020202020202020202020202020202020202020202020202020202020202020202020202020202020202020276D61696C746F5F74797065272C0A20202020202020202020202020202020202020202020202020202020202020202020202020202020202020202020207B0A202020202020202020202020202020202020202020202020202020202020202020202020202020202020202020202020202744454641554C5427203D3E202730272C0A20202020202020202020202020202020202020202020202020202020202020202020202020202020202020202020202020274E4F544E554C4C27203D3E20312C0A20202020202020202020202020202020202020202020202020202020202020202020202020202020202020202020202020275459504527203D3E2027494E5432270A20202020202020202020202020202020202020202020202020202020202020202020202020202020202020202020207D0A2020202020202020202020202020202020202020202020202020202020202020202020202020202020202020205D2C0A20202020202020202020202020202020202020202020202020202020202020202027494E444558455327203D3E205B0A202020202020202020202020202020202020202020202020202020202020202020202020202020202020202020202020277768696E655F7363686564756C65735F72756E5F6E6578745F696478272C0A2020202020202020202020202020202020202020202020202020202020202020202020202020202020202020202020205B0A20202020202020202020202020202020202020202020202020202020202020202020202020202020202020202020202020202772756E5F6E657874270A2020202020202020202020202020202020202020202020202020202020202020202020202020202020202020202020205D2C0A202020202020202020202020202020202020202020202020202020202020202020202020202020202020202020202020277768696E655F7363686564756C65735F6576656E7469645F696478272C0A2020202020202020202020202020202020202020202020202020202020202020202020202020202020202020202020205B0A2020202020202020202020202020202020202020202020202020202020202020202020202020202020202020202020202020276576656E746964270A2020202020202020202020202020202020202020202020202020202020202020202020202020202020202020202020205D0A202020202020202020202020202020202020202020202020202020202020202020202020202020202020202020205D0A202020202020202020202020202020202020202020202020202020202020207D0A20202020202020207D3B0A,'2.00');
UNLOCK TABLES;
/*!40000 ALTER TABLE `bz_schema` ENABLE KEYS */;


--
-- Definition of table `bugzilla_test`.`category_group_map`
--

DROP TABLE IF EXISTS `bugzilla_test`.`category_group_map`;
CREATE TABLE  `bugzilla_test`.`category_group_map` (
  `category_id` smallint(6) NOT NULL,
  `group_id` mediumint(9) NOT NULL,
  UNIQUE KEY `category_group_map_category_id_idx` (`category_id`,`group_id`)
) ENGINE=InnoDB DEFAULT CHARSET=utf8;

--
-- Dumping data for table `bugzilla_test`.`category_group_map`
--

/*!40000 ALTER TABLE `category_group_map` DISABLE KEYS */;
LOCK TABLES `category_group_map` WRITE;
UNLOCK TABLES;
/*!40000 ALTER TABLE `category_group_map` ENABLE KEYS */;


--
-- Definition of table `bugzilla_test`.`cc`
--

DROP TABLE IF EXISTS `bugzilla_test`.`cc`;
CREATE TABLE  `bugzilla_test`.`cc` (
  `bug_id` mediumint(9) NOT NULL,
  `who` mediumint(9) NOT NULL,
  UNIQUE KEY `cc_bug_id_idx` (`bug_id`,`who`),
  KEY `cc_who_idx` (`who`),
  CONSTRAINT `fk_cc_who_profiles_userid` FOREIGN KEY (`who`) REFERENCES `profiles` (`userid`) ON DELETE CASCADE ON UPDATE CASCADE
) ENGINE=InnoDB DEFAULT CHARSET=utf8;

--
-- Dumping data for table `bugzilla_test`.`cc`
--

/*!40000 ALTER TABLE `cc` DISABLE KEYS */;
LOCK TABLES `cc` WRITE;
UNLOCK TABLES;
/*!40000 ALTER TABLE `cc` ENABLE KEYS */;


--
-- Definition of table `bugzilla_test`.`classifications`
--

DROP TABLE IF EXISTS `bugzilla_test`.`classifications`;
CREATE TABLE  `bugzilla_test`.`classifications` (
  `id` smallint(6) NOT NULL AUTO_INCREMENT,
  `name` varchar(64) NOT NULL,
  `description` mediumtext,
  `sortkey` smallint(6) NOT NULL DEFAULT '0',
  PRIMARY KEY (`id`),
  UNIQUE KEY `classifications_name_idx` (`name`)
) ENGINE=InnoDB AUTO_INCREMENT=2 DEFAULT CHARSET=utf8;

--
-- Dumping data for table `bugzilla_test`.`classifications`
--

/*!40000 ALTER TABLE `classifications` DISABLE KEYS */;
LOCK TABLES `classifications` WRITE;
INSERT INTO `bugzilla_test`.`classifications` VALUES  (1,'Unclassified','Not assigned to any classification',0);
UNLOCK TABLES;
/*!40000 ALTER TABLE `classifications` ENABLE KEYS */;


--
-- Definition of table `bugzilla_test`.`component_cc`
--

DROP TABLE IF EXISTS `bugzilla_test`.`component_cc`;
CREATE TABLE  `bugzilla_test`.`component_cc` (
  `user_id` mediumint(9) NOT NULL,
  `component_id` smallint(6) NOT NULL,
  UNIQUE KEY `component_cc_user_id_idx` (`component_id`,`user_id`),
  KEY `fk_component_cc_user_id_profiles_userid` (`user_id`),
  CONSTRAINT `fk_component_cc_user_id_profiles_userid` FOREIGN KEY (`user_id`) REFERENCES `profiles` (`userid`) ON DELETE CASCADE ON UPDATE CASCADE
) ENGINE=InnoDB DEFAULT CHARSET=utf8;

--
-- Dumping data for table `bugzilla_test`.`component_cc`
--

/*!40000 ALTER TABLE `component_cc` DISABLE KEYS */;
LOCK TABLES `component_cc` WRITE;
UNLOCK TABLES;
/*!40000 ALTER TABLE `component_cc` ENABLE KEYS */;


--
-- Definition of table `bugzilla_test`.`components`
--

DROP TABLE IF EXISTS `bugzilla_test`.`components`;
CREATE TABLE  `bugzilla_test`.`components` (
  `id` smallint(6) NOT NULL AUTO_INCREMENT,
  `name` varchar(64) NOT NULL,
  `product_id` smallint(6) NOT NULL,
  `initialowner` mediumint(9) NOT NULL,
  `initialqacontact` mediumint(9) DEFAULT NULL,
  `description` mediumtext NOT NULL,
  PRIMARY KEY (`id`),
  UNIQUE KEY `components_product_id_idx` (`product_id`,`name`),
  KEY `components_name_idx` (`name`),
  KEY `fk_components_initialowner_profiles_userid` (`initialowner`),
  KEY `fk_components_initialqacontact_profiles_userid` (`initialqacontact`),
  CONSTRAINT `fk_components_initialowner_profiles_userid` FOREIGN KEY (`initialowner`) REFERENCES `profiles` (`userid`) ON UPDATE CASCADE,
  CONSTRAINT `fk_components_initialqacontact_profiles_userid` FOREIGN KEY (`initialqacontact`) REFERENCES `profiles` (`userid`) ON DELETE SET NULL ON UPDATE CASCADE
) ENGINE=InnoDB AUTO_INCREMENT=5 DEFAULT CHARSET=utf8;

--
-- Dumping data for table `bugzilla_test`.`components`
--

/*!40000 ALTER TABLE `components` DISABLE KEYS */;
LOCK TABLES `components` WRITE;
INSERT INTO `bugzilla_test`.`components` VALUES  (2,'Komponente A - 1',2,1,NULL,'Komponente A - 1 Beschreibung'),
 (3,'Komponente B - 1',3,1,NULL,'Komponente B - 1 Beschreibung'),
 (4,'Komponente C - 1',4,1,NULL,'Komponente C - 1 Beschreibung');
UNLOCK TABLES;
/*!40000 ALTER TABLE `components` ENABLE KEYS */;


--
-- Definition of table `bugzilla_test`.`dependencies`
--

DROP TABLE IF EXISTS `bugzilla_test`.`dependencies`;
CREATE TABLE  `bugzilla_test`.`dependencies` (
  `blocked` mediumint(9) NOT NULL,
  `dependson` mediumint(9) NOT NULL,
  KEY `dependencies_blocked_idx` (`blocked`),
  KEY `dependencies_dependson_idx` (`dependson`)
) ENGINE=InnoDB DEFAULT CHARSET=utf8;

--
-- Dumping data for table `bugzilla_test`.`dependencies`
--

/*!40000 ALTER TABLE `dependencies` DISABLE KEYS */;
LOCK TABLES `dependencies` WRITE;
UNLOCK TABLES;
/*!40000 ALTER TABLE `dependencies` ENABLE KEYS */;


--
-- Definition of table `bugzilla_test`.`duplicates`
--

DROP TABLE IF EXISTS `bugzilla_test`.`duplicates`;
CREATE TABLE  `bugzilla_test`.`duplicates` (
  `dupe_of` mediumint(9) NOT NULL,
  `dupe` mediumint(9) NOT NULL,
  PRIMARY KEY (`dupe`)
) ENGINE=InnoDB DEFAULT CHARSET=utf8;

--
-- Dumping data for table `bugzilla_test`.`duplicates`
--

/*!40000 ALTER TABLE `duplicates` DISABLE KEYS */;
LOCK TABLES `duplicates` WRITE;
UNLOCK TABLES;
/*!40000 ALTER TABLE `duplicates` ENABLE KEYS */;


--
-- Definition of table `bugzilla_test`.`email_setting`
--

DROP TABLE IF EXISTS `bugzilla_test`.`email_setting`;
CREATE TABLE  `bugzilla_test`.`email_setting` (
  `user_id` mediumint(9) NOT NULL,
  `relationship` tinyint(4) NOT NULL,
  `event` tinyint(4) NOT NULL,
  UNIQUE KEY `email_setting_user_id_idx` (`user_id`,`relationship`,`event`),
  CONSTRAINT `fk_email_setting_user_id_profiles_userid` FOREIGN KEY (`user_id`) REFERENCES `profiles` (`userid`) ON DELETE CASCADE ON UPDATE CASCADE
) ENGINE=InnoDB DEFAULT CHARSET=utf8;

--
-- Dumping data for table `bugzilla_test`.`email_setting`
--

/*!40000 ALTER TABLE `email_setting` DISABLE KEYS */;
LOCK TABLES `email_setting` WRITE;
INSERT INTO `bugzilla_test`.`email_setting` VALUES  (1,0,0),
 (1,0,1),
 (1,0,2),
 (1,0,3),
 (1,0,4),
 (1,0,5),
 (1,0,6),
 (1,0,7),
 (1,0,9),
 (1,0,50),
 (1,1,0),
 (1,1,1),
 (1,1,2),
 (1,1,3),
 (1,1,4),
 (1,1,5),
 (1,1,6),
 (1,1,7),
 (1,1,9),
 (1,1,50),
 (1,2,0),
 (1,2,1),
 (1,2,2),
 (1,2,3),
 (1,2,4),
 (1,2,5),
 (1,2,6),
 (1,2,7),
 (1,2,8),
 (1,2,9),
 (1,2,50),
 (1,3,0),
 (1,3,1),
 (1,3,2),
 (1,3,3),
 (1,3,4),
 (1,3,5),
 (1,3,6),
 (1,3,7),
 (1,3,9),
 (1,3,50),
 (1,4,0),
 (1,4,1),
 (1,4,2),
 (1,4,3),
 (1,4,4),
 (1,4,5),
 (1,4,6),
 (1,4,7),
 (1,4,9),
 (1,4,50),
 (1,5,0),
 (1,5,1),
 (1,5,2),
 (1,5,3),
 (1,5,4),
 (1,5,5),
 (1,5,6),
 (1,5,7),
 (1,5,9),
 (1,5,50),
 (1,100,100),
 (1,100,101),
 (2,0,0),
 (2,0,1),
 (2,0,2),
 (2,0,3),
 (2,0,4),
 (2,0,5),
 (2,0,6),
 (2,0,7),
 (2,0,9),
 (2,0,50),
 (2,1,0),
 (2,1,1),
 (2,1,2),
 (2,1,3),
 (2,1,4),
 (2,1,5),
 (2,1,6),
 (2,1,7),
 (2,1,9),
 (2,1,50),
 (2,2,0),
 (2,2,1),
 (2,2,2),
 (2,2,3),
 (2,2,4),
 (2,2,5),
 (2,2,6),
 (2,2,7),
 (2,2,8),
 (2,2,9),
 (2,2,50),
 (2,3,0);
INSERT INTO `bugzilla_test`.`email_setting` VALUES  (2,3,1),
 (2,3,2),
 (2,3,3),
 (2,3,4),
 (2,3,5),
 (2,3,6),
 (2,3,7),
 (2,3,9),
 (2,3,50),
 (2,4,0),
 (2,4,1),
 (2,4,2),
 (2,4,3),
 (2,4,4),
 (2,4,5),
 (2,4,6),
 (2,4,7),
 (2,4,9),
 (2,4,50),
 (2,5,0),
 (2,5,1),
 (2,5,2),
 (2,5,3),
 (2,5,4),
 (2,5,5),
 (2,5,6),
 (2,5,7),
 (2,5,9),
 (2,5,50),
 (2,100,100),
 (2,100,101),
 (3,0,0),
 (3,0,1),
 (3,0,2),
 (3,0,3),
 (3,0,4),
 (3,0,5),
 (3,0,6),
 (3,0,7),
 (3,0,9),
 (3,0,50),
 (3,1,0),
 (3,1,1),
 (3,1,2),
 (3,1,3),
 (3,1,4),
 (3,1,5),
 (3,1,6),
 (3,1,7),
 (3,1,9),
 (3,1,50),
 (3,2,0),
 (3,2,1),
 (3,2,2),
 (3,2,3),
 (3,2,4),
 (3,2,5),
 (3,2,6),
 (3,2,7),
 (3,2,8),
 (3,2,9),
 (3,2,50),
 (3,3,0),
 (3,3,1),
 (3,3,2),
 (3,3,3),
 (3,3,4),
 (3,3,5),
 (3,3,6),
 (3,3,7),
 (3,3,9),
 (3,3,50),
 (3,4,0),
 (3,4,1),
 (3,4,2),
 (3,4,3),
 (3,4,4),
 (3,4,5),
 (3,4,6),
 (3,4,7),
 (3,4,9),
 (3,4,50),
 (3,5,0),
 (3,5,1),
 (3,5,2),
 (3,5,3),
 (3,5,4),
 (3,5,5),
 (3,5,6),
 (3,5,7),
 (3,5,9),
 (3,5,50),
 (3,100,100),
 (3,100,101);
UNLOCK TABLES;
/*!40000 ALTER TABLE `email_setting` ENABLE KEYS */;


--
-- Definition of table `bugzilla_test`.`fielddefs`
--

DROP TABLE IF EXISTS `bugzilla_test`.`fielddefs`;
CREATE TABLE  `bugzilla_test`.`fielddefs` (
  `id` mediumint(9) NOT NULL AUTO_INCREMENT,
  `name` varchar(64) NOT NULL,
  `type` smallint(6) NOT NULL DEFAULT '0',
  `custom` tinyint(4) NOT NULL DEFAULT '0',
  `description` tinytext NOT NULL,
  `mailhead` tinyint(4) NOT NULL DEFAULT '0',
  `sortkey` smallint(6) NOT NULL,
  `obsolete` tinyint(4) NOT NULL DEFAULT '0',
  `enter_bug` tinyint(4) NOT NULL DEFAULT '0',
  PRIMARY KEY (`id`),
  UNIQUE KEY `fielddefs_name_idx` (`name`),
  KEY `fielddefs_sortkey_idx` (`sortkey`)
) ENGINE=InnoDB AUTO_INCREMENT=54 DEFAULT CHARSET=utf8;

--
-- Dumping data for table `bugzilla_test`.`fielddefs`
--

/*!40000 ALTER TABLE `fielddefs` DISABLE KEYS */;
LOCK TABLES `fielddefs` WRITE;
INSERT INTO `bugzilla_test`.`fielddefs` VALUES  (1,'bug_id',0,0,'Bug #',1,100,0,0),
 (2,'short_desc',0,0,'Summary',1,200,0,0),
 (3,'classification',0,0,'Classification',1,300,0,0),
 (4,'product',0,0,'Product',1,400,0,0),
 (5,'version',0,0,'Version',1,500,0,0),
 (6,'rep_platform',0,0,'Platform',1,600,0,0),
 (7,'bug_file_loc',0,0,'URL',1,700,0,0),
 (8,'op_sys',0,0,'OS/Version',1,800,0,0),
 (9,'bug_status',0,0,'Status',1,900,0,0),
 (10,'status_whiteboard',0,0,'Status Whiteboard',1,1000,0,0),
 (11,'keywords',0,0,'Keywords',1,1100,0,0),
 (12,'resolution',0,0,'Resolution',0,1200,0,0),
 (13,'bug_severity',0,0,'Severity',1,1300,0,0),
 (14,'priority',0,0,'Priority',1,1400,0,0),
 (15,'component',0,0,'Component',1,1500,0,0),
 (16,'assigned_to',0,0,'AssignedTo',1,1600,0,0),
 (17,'reporter',0,0,'ReportedBy',1,1700,0,0),
 (18,'votes',0,0,'Votes',0,1800,0,0),
 (19,'qa_contact',0,0,'QAContact',1,1900,0,0),
 (20,'cc',0,0,'CC',1,2000,0,0),
 (21,'dependson',0,0,'Depends on',1,2100,0,0),
 (22,'blocked',0,0,'Blocks',1,2200,0,0),
 (23,'attachments.description',0,0,'Attachment description',0,2300,0,0);
INSERT INTO `bugzilla_test`.`fielddefs` VALUES  (24,'attachments.filename',0,0,'Attachment filename',0,2400,0,0),
 (25,'attachments.mimetype',0,0,'Attachment mime type',0,2500,0,0),
 (26,'attachments.ispatch',0,0,'Attachment is patch',0,2600,0,0),
 (27,'attachments.isobsolete',0,0,'Attachment is obsolete',0,2700,0,0),
 (28,'attachments.isprivate',0,0,'Attachment is private',0,2800,0,0),
 (29,'attachments.submitter',0,0,'Attachment creator',0,2900,0,0),
 (30,'target_milestone',0,0,'Target Milestone',0,3000,0,0),
 (31,'creation_ts',0,0,'Creation date',1,3100,0,0),
 (32,'delta_ts',0,0,'Last changed date',1,3200,0,0),
 (33,'longdesc',0,0,'Comment',0,3300,0,0),
 (34,'longdescs.isprivate',0,0,'Comment is private',0,3400,0,0),
 (35,'alias',0,0,'Alias',0,3500,0,0),
 (36,'everconfirmed',0,0,'Ever Confirmed',0,3600,0,0),
 (37,'reporter_accessible',0,0,'Reporter Accessible',0,3700,0,0),
 (38,'cclist_accessible',0,0,'CC Accessible',0,3800,0,0),
 (39,'bug_group',0,0,'Group',0,3900,0,0),
 (40,'estimated_time',0,0,'Estimated Hours',1,4000,0,0),
 (41,'remaining_time',0,0,'Remaining Hours',0,4100,0,0);
INSERT INTO `bugzilla_test`.`fielddefs` VALUES  (42,'deadline',0,0,'Deadline',1,4200,0,0),
 (43,'commenter',0,0,'Commenter',0,4300,0,0),
 (44,'flagtypes.name',0,0,'Flag',0,4400,0,0),
 (45,'requestees.login_name',0,0,'Flag Requestee',0,4500,0,0),
 (46,'setters.login_name',0,0,'Flag Setter',0,4600,0,0),
 (47,'work_time',0,0,'Hours Worked',0,4700,0,0),
 (48,'percentage_complete',0,0,'Percentage Complete',0,4800,0,0),
 (49,'content',0,0,'Content',0,4900,0,0),
 (50,'attach_data.thedata',0,0,'Attachment data',0,5000,0,0),
 (51,'attachments.isurl',0,0,'Attachment is a URL',0,5100,0,0),
 (52,'owner_idle_time',0,0,'Time Since Assignee Touched',0,5200,0,0),
 (53,'days_elapsed',0,0,'Days since bug changed',0,5300,0,0);
UNLOCK TABLES;
/*!40000 ALTER TABLE `fielddefs` ENABLE KEYS */;


--
-- Definition of table `bugzilla_test`.`flagexclusions`
--

DROP TABLE IF EXISTS `bugzilla_test`.`flagexclusions`;
CREATE TABLE  `bugzilla_test`.`flagexclusions` (
  `type_id` smallint(6) NOT NULL,
  `product_id` smallint(6) DEFAULT NULL,
  `component_id` smallint(6) DEFAULT NULL,
  KEY `flagexclusions_type_id_idx` (`type_id`,`product_id`,`component_id`)
) ENGINE=InnoDB DEFAULT CHARSET=utf8;

--
-- Dumping data for table `bugzilla_test`.`flagexclusions`
--

/*!40000 ALTER TABLE `flagexclusions` DISABLE KEYS */;
LOCK TABLES `flagexclusions` WRITE;
UNLOCK TABLES;
/*!40000 ALTER TABLE `flagexclusions` ENABLE KEYS */;


--
-- Definition of table `bugzilla_test`.`flaginclusions`
--

DROP TABLE IF EXISTS `bugzilla_test`.`flaginclusions`;
CREATE TABLE  `bugzilla_test`.`flaginclusions` (
  `type_id` smallint(6) NOT NULL,
  `product_id` smallint(6) DEFAULT NULL,
  `component_id` smallint(6) DEFAULT NULL,
  KEY `flaginclusions_type_id_idx` (`type_id`,`product_id`,`component_id`)
) ENGINE=InnoDB DEFAULT CHARSET=utf8;

--
-- Dumping data for table `bugzilla_test`.`flaginclusions`
--

/*!40000 ALTER TABLE `flaginclusions` DISABLE KEYS */;
LOCK TABLES `flaginclusions` WRITE;
UNLOCK TABLES;
/*!40000 ALTER TABLE `flaginclusions` ENABLE KEYS */;


--
-- Definition of table `bugzilla_test`.`flags`
--

DROP TABLE IF EXISTS `bugzilla_test`.`flags`;
CREATE TABLE  `bugzilla_test`.`flags` (
  `id` mediumint(9) NOT NULL AUTO_INCREMENT,
  `type_id` smallint(6) NOT NULL,
  `status` char(1) NOT NULL,
  `bug_id` mediumint(9) NOT NULL,
  `attach_id` mediumint(9) DEFAULT NULL,
  `creation_date` datetime NOT NULL,
  `modification_date` datetime DEFAULT NULL,
  `setter_id` mediumint(9) DEFAULT NULL,
  `requestee_id` mediumint(9) DEFAULT NULL,
  PRIMARY KEY (`id`),
  KEY `flags_bug_id_idx` (`bug_id`,`attach_id`),
  KEY `flags_setter_id_idx` (`setter_id`),
  KEY `flags_requestee_id_idx` (`requestee_id`),
  KEY `flags_type_id_idx` (`type_id`)
) ENGINE=InnoDB DEFAULT CHARSET=utf8;

--
-- Dumping data for table `bugzilla_test`.`flags`
--

/*!40000 ALTER TABLE `flags` DISABLE KEYS */;
LOCK TABLES `flags` WRITE;
UNLOCK TABLES;
/*!40000 ALTER TABLE `flags` ENABLE KEYS */;


--
-- Definition of table `bugzilla_test`.`flagtypes`
--

DROP TABLE IF EXISTS `bugzilla_test`.`flagtypes`;
CREATE TABLE  `bugzilla_test`.`flagtypes` (
  `id` smallint(6) NOT NULL AUTO_INCREMENT,
  `name` varchar(50) NOT NULL,
  `description` mediumtext NOT NULL,
  `cc_list` varchar(200) DEFAULT NULL,
  `target_type` char(1) NOT NULL DEFAULT 'b',
  `is_active` tinyint(4) NOT NULL DEFAULT '1',
  `is_requestable` tinyint(4) NOT NULL DEFAULT '0',
  `is_requesteeble` tinyint(4) NOT NULL DEFAULT '0',
  `is_multiplicable` tinyint(4) NOT NULL DEFAULT '0',
  `sortkey` smallint(6) NOT NULL DEFAULT '0',
  `grant_group_id` mediumint(9) DEFAULT NULL,
  `request_group_id` mediumint(9) DEFAULT NULL,
  PRIMARY KEY (`id`)
) ENGINE=InnoDB DEFAULT CHARSET=utf8;

--
-- Dumping data for table `bugzilla_test`.`flagtypes`
--

/*!40000 ALTER TABLE `flagtypes` DISABLE KEYS */;
LOCK TABLES `flagtypes` WRITE;
UNLOCK TABLES;
/*!40000 ALTER TABLE `flagtypes` ENABLE KEYS */;


--
-- Definition of table `bugzilla_test`.`group_control_map`
--

DROP TABLE IF EXISTS `bugzilla_test`.`group_control_map`;
CREATE TABLE  `bugzilla_test`.`group_control_map` (
  `group_id` mediumint(9) NOT NULL,
  `product_id` mediumint(9) NOT NULL,
  `entry` tinyint(4) NOT NULL,
  `membercontrol` tinyint(4) NOT NULL,
  `othercontrol` tinyint(4) NOT NULL,
  `canedit` tinyint(4) NOT NULL,
  `editcomponents` tinyint(4) NOT NULL DEFAULT '0',
  `editbugs` tinyint(4) NOT NULL DEFAULT '0',
  `canconfirm` tinyint(4) NOT NULL DEFAULT '0',
  UNIQUE KEY `group_control_map_product_id_idx` (`product_id`,`group_id`),
  KEY `group_control_map_group_id_idx` (`group_id`)
) ENGINE=InnoDB DEFAULT CHARSET=utf8;

--
-- Dumping data for table `bugzilla_test`.`group_control_map`
--

/*!40000 ALTER TABLE `group_control_map` DISABLE KEYS */;
LOCK TABLES `group_control_map` WRITE;
UNLOCK TABLES;
/*!40000 ALTER TABLE `group_control_map` ENABLE KEYS */;


--
-- Definition of table `bugzilla_test`.`group_group_map`
--

DROP TABLE IF EXISTS `bugzilla_test`.`group_group_map`;
CREATE TABLE  `bugzilla_test`.`group_group_map` (
  `member_id` mediumint(9) NOT NULL,
  `grantor_id` mediumint(9) NOT NULL,
  `grant_type` tinyint(4) NOT NULL DEFAULT '0',
  UNIQUE KEY `group_group_map_member_id_idx` (`member_id`,`grantor_id`,`grant_type`)
) ENGINE=InnoDB DEFAULT CHARSET=utf8;

--
-- Dumping data for table `bugzilla_test`.`group_group_map`
--

/*!40000 ALTER TABLE `group_group_map` DISABLE KEYS */;
LOCK TABLES `group_group_map` WRITE;
INSERT INTO `bugzilla_test`.`group_group_map` VALUES  (1,1,0),
 (1,1,1),
 (1,1,2),
 (1,2,0),
 (1,2,1),
 (1,2,2),
 (1,3,0),
 (1,3,1),
 (1,3,2),
 (1,4,0),
 (1,4,1),
 (1,4,2),
 (1,5,0),
 (1,5,1),
 (1,5,2),
 (1,6,0),
 (1,6,1),
 (1,6,2),
 (1,7,0),
 (1,7,1),
 (1,7,2),
 (1,8,0),
 (1,8,1),
 (1,8,2),
 (1,9,0),
 (1,9,1),
 (1,9,2),
 (1,10,0),
 (1,10,1),
 (1,10,2),
 (1,11,0),
 (1,11,1),
 (1,11,2),
 (1,12,0),
 (1,12,1),
 (1,12,2),
 (1,13,0),
 (1,13,1),
 (1,13,2),
 (11,13,0),
 (12,10,0);
UNLOCK TABLES;
/*!40000 ALTER TABLE `group_group_map` ENABLE KEYS */;


--
-- Definition of table `bugzilla_test`.`groups`
--

DROP TABLE IF EXISTS `bugzilla_test`.`groups`;
CREATE TABLE  `bugzilla_test`.`groups` (
  `id` mediumint(9) NOT NULL AUTO_INCREMENT,
  `name` varchar(255) NOT NULL,
  `description` mediumtext NOT NULL,
  `isbuggroup` tinyint(4) NOT NULL,
  `userregexp` tinytext NOT NULL,
  `isactive` tinyint(4) NOT NULL DEFAULT '1',
  `icon_url` tinytext,
  PRIMARY KEY (`id`),
  UNIQUE KEY `groups_name_idx` (`name`)
) ENGINE=InnoDB AUTO_INCREMENT=14 DEFAULT CHARSET=utf8;

--
-- Dumping data for table `bugzilla_test`.`groups`
--

/*!40000 ALTER TABLE `groups` DISABLE KEYS */;
LOCK TABLES `groups` WRITE;
INSERT INTO `bugzilla_test`.`groups` VALUES  (1,'admin','Administrators',0,'',1,NULL),
 (2,'tweakparams','Can change Parameters',0,'',1,NULL),
 (3,'editusers','Can edit or disable users',0,'',1,NULL),
 (4,'creategroups','Can create and destroy groups',0,'',1,NULL),
 (5,'editclassifications','Can create, destroy, and edit classifications',0,'',1,NULL),
 (6,'editcomponents','Can create, destroy, and edit components',0,'',1,NULL),
 (7,'editkeywords','Can create, destroy, and edit keywords',0,'',1,NULL),
 (8,'editbugs','Can edit all bug fields',0,'.*',1,NULL),
 (9,'canconfirm','Can confirm a bug or mark it a duplicate',0,'',1,NULL),
 (10,'bz_canusewhines','User can configure whine reports for self',0,'',1,NULL),
 (11,'bz_sudoers','Can perform actions as other users',0,'',1,NULL),
 (12,'bz_canusewhineatothers','Can configure whine reports for other users',0,'',1,NULL),
 (13,'bz_sudo_protect','Can not be impersonated by other users',0,'',1,NULL);
UNLOCK TABLES;
/*!40000 ALTER TABLE `groups` ENABLE KEYS */;


--
-- Definition of table `bugzilla_test`.`keyworddefs`
--

DROP TABLE IF EXISTS `bugzilla_test`.`keyworddefs`;
CREATE TABLE  `bugzilla_test`.`keyworddefs` (
  `id` smallint(6) NOT NULL AUTO_INCREMENT,
  `name` varchar(64) NOT NULL,
  `description` mediumtext,
  PRIMARY KEY (`id`),
  UNIQUE KEY `keyworddefs_name_idx` (`name`)
) ENGINE=InnoDB DEFAULT CHARSET=utf8;

--
-- Dumping data for table `bugzilla_test`.`keyworddefs`
--

/*!40000 ALTER TABLE `keyworddefs` DISABLE KEYS */;
LOCK TABLES `keyworddefs` WRITE;
UNLOCK TABLES;
/*!40000 ALTER TABLE `keyworddefs` ENABLE KEYS */;


--
-- Definition of table `bugzilla_test`.`keywords`
--

DROP TABLE IF EXISTS `bugzilla_test`.`keywords`;
CREATE TABLE  `bugzilla_test`.`keywords` (
  `bug_id` mediumint(9) NOT NULL,
  `keywordid` smallint(6) NOT NULL,
  UNIQUE KEY `keywords_bug_id_idx` (`bug_id`,`keywordid`),
  KEY `keywords_keywordid_idx` (`keywordid`)
) ENGINE=InnoDB DEFAULT CHARSET=utf8;

--
-- Dumping data for table `bugzilla_test`.`keywords`
--

/*!40000 ALTER TABLE `keywords` DISABLE KEYS */;
LOCK TABLES `keywords` WRITE;
UNLOCK TABLES;
/*!40000 ALTER TABLE `keywords` ENABLE KEYS */;


--
-- Definition of table `bugzilla_test`.`logincookies`
--

DROP TABLE IF EXISTS `bugzilla_test`.`logincookies`;
CREATE TABLE  `bugzilla_test`.`logincookies` (
  `cookie` varchar(16) NOT NULL,
  `userid` mediumint(9) NOT NULL,
  `ipaddr` varchar(40) NOT NULL,
  `lastused` datetime NOT NULL,
  PRIMARY KEY (`cookie`),
  KEY `logincookies_lastused_idx` (`lastused`),
  KEY `fk_logincookies_userid_profiles_userid` (`userid`),
  CONSTRAINT `fk_logincookies_userid_profiles_userid` FOREIGN KEY (`userid`) REFERENCES `profiles` (`userid`) ON DELETE CASCADE ON UPDATE CASCADE
) ENGINE=InnoDB DEFAULT CHARSET=utf8;

--
-- Dumping data for table `bugzilla_test`.`logincookies`
--

/*!40000 ALTER TABLE `logincookies` DISABLE KEYS */;
LOCK TABLES `logincookies` WRITE;
INSERT INTO `bugzilla_test`.`logincookies` VALUES  ('1HkRfFXg9M',1,'127.0.0.1','2010-05-25 14:24:03'),
 ('mvJElzKe9U',1,'0.0.0.0','2010-06-13 21:12:29');
UNLOCK TABLES;
/*!40000 ALTER TABLE `logincookies` ENABLE KEYS */;


--
-- Definition of table `bugzilla_test`.`longdescs`
--

DROP TABLE IF EXISTS `bugzilla_test`.`longdescs`;
CREATE TABLE  `bugzilla_test`.`longdescs` (
  `comment_id` mediumint(9) NOT NULL AUTO_INCREMENT,
  `bug_id` mediumint(9) NOT NULL,
  `who` mediumint(9) NOT NULL,
  `bug_when` datetime NOT NULL,
  `work_time` decimal(5,2) NOT NULL DEFAULT '0.00',
  `thetext` mediumtext NOT NULL,
  `isprivate` tinyint(4) NOT NULL DEFAULT '0',
  `already_wrapped` tinyint(4) NOT NULL DEFAULT '0',
  `type` smallint(6) NOT NULL DEFAULT '0',
  `extra_data` varchar(255) DEFAULT NULL,
  PRIMARY KEY (`comment_id`),
  KEY `longdescs_bug_id_idx` (`bug_id`),
  KEY `longdescs_who_idx` (`who`,`bug_id`),
  KEY `longdescs_bug_when_idx` (`bug_when`)
) ENGINE=InnoDB AUTO_INCREMENT=35 DEFAULT CHARSET=utf8;

--
-- Dumping data for table `bugzilla_test`.`longdescs`
--

/*!40000 ALTER TABLE `longdescs` DISABLE KEYS */;
LOCK TABLES `longdescs` WRITE;
INSERT INTO `bugzilla_test`.`longdescs` VALUES  (1,1,1,'2010-05-25 14:28:13','0.00','Bug A - 1 Langtext',0,0,0,NULL),
 (2,2,1,'2010-05-25 14:38:18','0.00','Bug A - 2 Langtext',0,0,0,NULL),
 (3,3,1,'2010-05-25 14:39:59','0.00','Bug A - 3 Langtext',0,0,0,NULL),
 (4,4,1,'2010-05-25 14:40:50','0.00','Bug A - 4 Langtext',0,0,0,NULL),
 (5,5,1,'2010-05-25 14:41:30','0.00','Bug B - 1 Langtext',0,0,0,NULL),
 (6,6,1,'2010-05-25 14:42:05','0.00','Bug B - 2 Langtext',0,0,0,NULL),
 (7,7,1,'2010-05-25 14:42:40','0.00','Bug B - 3 Langtext',0,0,0,NULL),
 (8,8,1,'2010-05-25 14:43:23','0.00','Bug C - 1 Langtext',0,0,0,NULL),
 (9,9,1,'2010-05-25 14:43:46','0.00','Bug C - 2 Langtext',0,0,0,NULL),
 (10,1,1,'2010-05-25 14:47:23','3.00','Aktivität 1',0,0,0,NULL),
 (11,1,2,'2010-05-25 14:50:57','1.00','Aktivität 2',0,0,0,NULL),
 (12,1,1,'2010-05-25 14:51:21','1.00','Aktivität 3',0,0,0,NULL),
 (13,2,3,'2010-05-25 15:00:24','2.00','Aktivität 4',0,0,0,NULL),
 (14,2,3,'2010-05-25 15:00:44','2.00','Aktivität 5',0,0,0,NULL),
 (15,2,2,'2010-05-25 15:01:04','2.00','Aktivität 6',0,0,0,NULL);
INSERT INTO `bugzilla_test`.`longdescs` VALUES  (16,3,1,'2010-05-25 15:03:28','5.00','Aktivität 7',0,0,0,NULL),
 (17,3,1,'2010-05-25 15:03:44','3.00','Aktivität 8',0,0,0,NULL),
 (18,4,2,'2010-05-25 15:04:48','5.00','Aktivität 9',0,0,0,NULL),
 (19,4,3,'2010-05-25 15:05:03','1.00','Aktivität 10',0,0,0,NULL),
 (20,5,2,'2010-05-25 15:07:18','3.00','Aktivität 11',0,0,0,NULL),
 (21,5,2,'2010-05-25 15:08:09','1.00','Aktivität 12',0,0,0,NULL),
 (22,6,1,'2010-05-25 15:12:48','1.00','Aktivität 12',0,0,0,NULL),
 (23,7,2,'2010-05-25 15:13:11','2.00','Aktivität 13',0,0,0,NULL),
 (24,8,3,'2010-05-25 15:13:25','1.00','Aktivität 14',0,0,0,NULL),
 (25,9,1,'2010-05-25 15:15:11','1.00','Aktivität 15',0,0,0,NULL),
 (26,9,1,'2010-05-25 15:15:36','-0.50','Aktivität 16',0,0,0,NULL),
 (27,10,1,'2010-06-13 02:25:54','0.00','Bug C - 3 Langtext',0,0,0,NULL),
 (28,11,1,'2010-06-13 02:27:12','0.00','Bug C - 4 Langtext',0,0,0,NULL),
 (29,12,1,'2010-06-13 02:27:40','0.00','Bug C - 5 Langtext',0,0,0,NULL),
 (30,13,1,'2010-06-13 02:28:07','0.00','Bug C - 6 Langtext',0,0,0,NULL),
 (31,11,1,'2010-06-13 02:29:14','0.00','Wechsel Zuständiger',0,0,0,NULL);
INSERT INTO `bugzilla_test`.`longdescs` VALUES  (32,12,1,'2010-06-13 02:29:54','0.00','Neue Schätzung: 2h (+1)',0,0,0,NULL),
 (33,13,1,'2010-06-13 02:30:45','0.00','Neue Schätzung: 2h (-1)',0,0,0,NULL),
 (34,14,1,'2010-06-13 21:11:05','0.00','Bug C - 7 Langtext',0,0,0,NULL);
UNLOCK TABLES;
/*!40000 ALTER TABLE `longdescs` ENABLE KEYS */;


--
-- Definition of table `bugzilla_test`.`milestones`
--

DROP TABLE IF EXISTS `bugzilla_test`.`milestones`;
CREATE TABLE  `bugzilla_test`.`milestones` (
  `id` mediumint(9) NOT NULL AUTO_INCREMENT,
  `product_id` smallint(6) NOT NULL,
  `value` varchar(20) NOT NULL,
  `sortkey` smallint(6) NOT NULL DEFAULT '0',
  PRIMARY KEY (`id`),
  UNIQUE KEY `milestones_product_id_idx` (`product_id`,`value`)
) ENGINE=InnoDB AUTO_INCREMENT=5 DEFAULT CHARSET=utf8;

--
-- Dumping data for table `bugzilla_test`.`milestones`
--

/*!40000 ALTER TABLE `milestones` DISABLE KEYS */;
LOCK TABLES `milestones` WRITE;
INSERT INTO `bugzilla_test`.`milestones` VALUES  (2,2,'---',0),
 (3,3,'---',0),
 (4,4,'---',0);
UNLOCK TABLES;
/*!40000 ALTER TABLE `milestones` ENABLE KEYS */;


--
-- Definition of table `bugzilla_test`.`namedqueries`
--

DROP TABLE IF EXISTS `bugzilla_test`.`namedqueries`;
CREATE TABLE  `bugzilla_test`.`namedqueries` (
  `id` mediumint(9) NOT NULL AUTO_INCREMENT,
  `userid` mediumint(9) NOT NULL,
  `name` varchar(64) NOT NULL,
  `query` mediumtext NOT NULL,
  `query_type` tinyint(4) NOT NULL DEFAULT '0',
  PRIMARY KEY (`id`),
  UNIQUE KEY `namedqueries_userid_idx` (`userid`,`name`),
  CONSTRAINT `fk_namedqueries_userid_profiles_userid` FOREIGN KEY (`userid`) REFERENCES `profiles` (`userid`) ON DELETE CASCADE ON UPDATE CASCADE
) ENGINE=InnoDB DEFAULT CHARSET=utf8;

--
-- Dumping data for table `bugzilla_test`.`namedqueries`
--

/*!40000 ALTER TABLE `namedqueries` DISABLE KEYS */;
LOCK TABLES `namedqueries` WRITE;
UNLOCK TABLES;
/*!40000 ALTER TABLE `namedqueries` ENABLE KEYS */;


--
-- Definition of table `bugzilla_test`.`namedqueries_link_in_footer`
--

DROP TABLE IF EXISTS `bugzilla_test`.`namedqueries_link_in_footer`;
CREATE TABLE  `bugzilla_test`.`namedqueries_link_in_footer` (
  `namedquery_id` mediumint(9) NOT NULL,
  `user_id` mediumint(9) NOT NULL,
  UNIQUE KEY `namedqueries_link_in_footer_id_idx` (`namedquery_id`,`user_id`),
  KEY `namedqueries_link_in_footer_userid_idx` (`user_id`),
  CONSTRAINT `fk_namedqueries_link_in_footer_namedquery_id_namedqueries_id` FOREIGN KEY (`namedquery_id`) REFERENCES `namedqueries` (`id`) ON DELETE CASCADE ON UPDATE CASCADE,
  CONSTRAINT `fk_namedqueries_link_in_footer_user_id_profiles_userid` FOREIGN KEY (`user_id`) REFERENCES `profiles` (`userid`) ON DELETE CASCADE ON UPDATE CASCADE
) ENGINE=InnoDB DEFAULT CHARSET=utf8;

--
-- Dumping data for table `bugzilla_test`.`namedqueries_link_in_footer`
--

/*!40000 ALTER TABLE `namedqueries_link_in_footer` DISABLE KEYS */;
LOCK TABLES `namedqueries_link_in_footer` WRITE;
UNLOCK TABLES;
/*!40000 ALTER TABLE `namedqueries_link_in_footer` ENABLE KEYS */;


--
-- Definition of table `bugzilla_test`.`namedquery_group_map`
--

DROP TABLE IF EXISTS `bugzilla_test`.`namedquery_group_map`;
CREATE TABLE  `bugzilla_test`.`namedquery_group_map` (
  `namedquery_id` mediumint(9) NOT NULL,
  `group_id` mediumint(9) NOT NULL,
  UNIQUE KEY `namedquery_group_map_namedquery_id_idx` (`namedquery_id`),
  KEY `namedquery_group_map_group_id_idx` (`group_id`)
) ENGINE=InnoDB DEFAULT CHARSET=utf8;

--
-- Dumping data for table `bugzilla_test`.`namedquery_group_map`
--

/*!40000 ALTER TABLE `namedquery_group_map` DISABLE KEYS */;
LOCK TABLES `namedquery_group_map` WRITE;
UNLOCK TABLES;
/*!40000 ALTER TABLE `namedquery_group_map` ENABLE KEYS */;


--
-- Definition of table `bugzilla_test`.`op_sys`
--

DROP TABLE IF EXISTS `bugzilla_test`.`op_sys`;
CREATE TABLE  `bugzilla_test`.`op_sys` (
  `id` smallint(6) NOT NULL AUTO_INCREMENT,
  `value` varchar(64) NOT NULL,
  `sortkey` smallint(6) NOT NULL DEFAULT '0',
  `isactive` tinyint(4) NOT NULL DEFAULT '1',
  PRIMARY KEY (`id`),
  UNIQUE KEY `op_sys_value_idx` (`value`),
  KEY `op_sys_sortkey_idx` (`sortkey`,`value`)
) ENGINE=InnoDB AUTO_INCREMENT=6 DEFAULT CHARSET=utf8;

--
-- Dumping data for table `bugzilla_test`.`op_sys`
--

/*!40000 ALTER TABLE `op_sys` DISABLE KEYS */;
LOCK TABLES `op_sys` WRITE;
INSERT INTO `bugzilla_test`.`op_sys` VALUES  (1,'All',100,1),
 (2,'Windows',200,1),
 (3,'Mac OS',300,1),
 (4,'Linux',400,1),
 (5,'Other',500,1);
UNLOCK TABLES;
/*!40000 ALTER TABLE `op_sys` ENABLE KEYS */;


--
-- Definition of table `bugzilla_test`.`priority`
--

DROP TABLE IF EXISTS `bugzilla_test`.`priority`;
CREATE TABLE  `bugzilla_test`.`priority` (
  `id` smallint(6) NOT NULL AUTO_INCREMENT,
  `value` varchar(64) NOT NULL,
  `sortkey` smallint(6) NOT NULL DEFAULT '0',
  `isactive` tinyint(4) NOT NULL DEFAULT '1',
  PRIMARY KEY (`id`),
  UNIQUE KEY `priority_value_idx` (`value`),
  KEY `priority_sortkey_idx` (`sortkey`,`value`)
) ENGINE=InnoDB AUTO_INCREMENT=6 DEFAULT CHARSET=utf8;

--
-- Dumping data for table `bugzilla_test`.`priority`
--

/*!40000 ALTER TABLE `priority` DISABLE KEYS */;
LOCK TABLES `priority` WRITE;
INSERT INTO `bugzilla_test`.`priority` VALUES  (1,'P1',100,1),
 (2,'P2',200,1),
 (3,'P3',300,1),
 (4,'P4',400,1),
 (5,'P5',500,1);
UNLOCK TABLES;
/*!40000 ALTER TABLE `priority` ENABLE KEYS */;


--
-- Definition of table `bugzilla_test`.`products`
--

DROP TABLE IF EXISTS `bugzilla_test`.`products`;
CREATE TABLE  `bugzilla_test`.`products` (
  `id` smallint(6) NOT NULL AUTO_INCREMENT,
  `name` varchar(64) NOT NULL,
  `classification_id` smallint(6) NOT NULL DEFAULT '1',
  `description` mediumtext,
  `milestoneurl` tinytext NOT NULL,
  `disallownew` tinyint(4) NOT NULL DEFAULT '0',
  `votesperuser` smallint(6) NOT NULL DEFAULT '0',
  `maxvotesperbug` smallint(6) NOT NULL DEFAULT '10000',
  `votestoconfirm` smallint(6) NOT NULL DEFAULT '0',
  `defaultmilestone` varchar(20) NOT NULL DEFAULT '---',
  PRIMARY KEY (`id`),
  UNIQUE KEY `products_name_idx` (`name`)
) ENGINE=InnoDB AUTO_INCREMENT=5 DEFAULT CHARSET=utf8;

--
-- Dumping data for table `bugzilla_test`.`products`
--

/*!40000 ALTER TABLE `products` DISABLE KEYS */;
LOCK TABLES `products` WRITE;
INSERT INTO `bugzilla_test`.`products` VALUES  (2,'Produkt A',1,'Produkt A Beschreibung','',0,0,10000,0,'---'),
 (3,'Produkt B',1,'Produkt B Beschreibung','',0,0,10000,0,'---'),
 (4,'Produkt C',1,'Produkt C Beschreibung','',0,0,10000,0,'---');
UNLOCK TABLES;
/*!40000 ALTER TABLE `products` ENABLE KEYS */;


--
-- Definition of table `bugzilla_test`.`profile_setting`
--

DROP TABLE IF EXISTS `bugzilla_test`.`profile_setting`;
CREATE TABLE  `bugzilla_test`.`profile_setting` (
  `user_id` mediumint(9) NOT NULL,
  `setting_name` varchar(32) NOT NULL,
  `setting_value` varchar(32) NOT NULL,
  UNIQUE KEY `profile_setting_value_unique_idx` (`user_id`,`setting_name`),
  CONSTRAINT `fk_profile_setting_user_id_profiles_userid` FOREIGN KEY (`user_id`) REFERENCES `profiles` (`userid`) ON DELETE CASCADE ON UPDATE CASCADE
) ENGINE=InnoDB DEFAULT CHARSET=utf8;

--
-- Dumping data for table `bugzilla_test`.`profile_setting`
--

/*!40000 ALTER TABLE `profile_setting` DISABLE KEYS */;
LOCK TABLES `profile_setting` WRITE;
UNLOCK TABLES;
/*!40000 ALTER TABLE `profile_setting` ENABLE KEYS */;


--
-- Definition of table `bugzilla_test`.`profiles`
--

DROP TABLE IF EXISTS `bugzilla_test`.`profiles`;
CREATE TABLE  `bugzilla_test`.`profiles` (
  `userid` mediumint(9) NOT NULL AUTO_INCREMENT,
  `login_name` varchar(255) NOT NULL,
  `cryptpassword` varchar(128) DEFAULT NULL,
  `realname` varchar(255) NOT NULL DEFAULT '',
  `disabledtext` mediumtext NOT NULL,
  `disable_mail` tinyint(4) NOT NULL DEFAULT '0',
  `mybugslink` tinyint(4) NOT NULL DEFAULT '1',
  `extern_id` varchar(64) DEFAULT NULL,
  PRIMARY KEY (`userid`),
  UNIQUE KEY `profiles_login_name_idx` (`login_name`)
) ENGINE=InnoDB AUTO_INCREMENT=4 DEFAULT CHARSET=utf8;

--
-- Dumping data for table `bugzilla_test`.`profiles`
--

/*!40000 ALTER TABLE `profiles` DISABLE KEYS */;
LOCK TABLES `profiles` WRITE;
INSERT INTO `bugzilla_test`.`profiles` VALUES  (1,'admin@localhost.com','HxYsE9JA3rkcQ','Entwickler 1','',0,1,NULL),
 (2,'dev2@localhost.com','t6tSbQwbI8guQ','Entwickler 2','',1,1,NULL),
 (3,'dev3@localhost.com','9DNR3Sixqgx/2','Entwickler 3','',1,1,NULL);
UNLOCK TABLES;
/*!40000 ALTER TABLE `profiles` ENABLE KEYS */;


--
-- Definition of table `bugzilla_test`.`profiles_activity`
--

DROP TABLE IF EXISTS `bugzilla_test`.`profiles_activity`;
CREATE TABLE  `bugzilla_test`.`profiles_activity` (
  `userid` mediumint(9) NOT NULL,
  `who` mediumint(9) NOT NULL,
  `profiles_when` datetime NOT NULL,
  `fieldid` mediumint(9) NOT NULL,
  `oldvalue` tinytext,
  `newvalue` tinytext,
  KEY `profiles_activity_userid_idx` (`userid`),
  KEY `profiles_activity_profiles_when_idx` (`profiles_when`),
  KEY `profiles_activity_fieldid_idx` (`fieldid`),
  KEY `fk_profiles_activity_who_profiles_userid` (`who`),
  CONSTRAINT `fk_profiles_activity_fieldid_fielddefs_id` FOREIGN KEY (`fieldid`) REFERENCES `fielddefs` (`id`) ON UPDATE CASCADE,
  CONSTRAINT `fk_profiles_activity_userid_profiles_userid` FOREIGN KEY (`userid`) REFERENCES `profiles` (`userid`) ON DELETE CASCADE ON UPDATE CASCADE,
  CONSTRAINT `fk_profiles_activity_who_profiles_userid` FOREIGN KEY (`who`) REFERENCES `profiles` (`userid`) ON UPDATE CASCADE
) ENGINE=InnoDB DEFAULT CHARSET=utf8;

--
-- Dumping data for table `bugzilla_test`.`profiles_activity`
--

/*!40000 ALTER TABLE `profiles_activity` DISABLE KEYS */;
LOCK TABLES `profiles_activity` WRITE;
INSERT INTO `bugzilla_test`.`profiles_activity` VALUES  (1,1,'2010-05-25 14:14:06',31,NULL,'2010-05-25 14:14:06'),
 (2,1,'2010-05-25 14:22:44',31,NULL,'2010-05-25 14:22:44'),
 (2,1,'2010-05-25 14:22:55',39,'','admin'),
 (3,1,'2010-05-25 14:23:17',31,NULL,'2010-05-25 14:23:17'),
 (3,1,'2010-05-25 14:23:25',39,'','admin');
UNLOCK TABLES;
/*!40000 ALTER TABLE `profiles_activity` ENABLE KEYS */;


--
-- Definition of table `bugzilla_test`.`quips`
--

DROP TABLE IF EXISTS `bugzilla_test`.`quips`;
CREATE TABLE  `bugzilla_test`.`quips` (
  `quipid` mediumint(9) NOT NULL AUTO_INCREMENT,
  `userid` mediumint(9) DEFAULT NULL,
  `quip` mediumtext NOT NULL,
  `approved` tinyint(4) NOT NULL DEFAULT '1',
  PRIMARY KEY (`quipid`)
) ENGINE=InnoDB DEFAULT CHARSET=utf8;

--
-- Dumping data for table `bugzilla_test`.`quips`
--

/*!40000 ALTER TABLE `quips` DISABLE KEYS */;
LOCK TABLES `quips` WRITE;
UNLOCK TABLES;
/*!40000 ALTER TABLE `quips` ENABLE KEYS */;


--
-- Definition of table `bugzilla_test`.`rep_platform`
--

DROP TABLE IF EXISTS `bugzilla_test`.`rep_platform`;
CREATE TABLE  `bugzilla_test`.`rep_platform` (
  `id` smallint(6) NOT NULL AUTO_INCREMENT,
  `value` varchar(64) NOT NULL,
  `sortkey` smallint(6) NOT NULL DEFAULT '0',
  `isactive` tinyint(4) NOT NULL DEFAULT '1',
  PRIMARY KEY (`id`),
  UNIQUE KEY `rep_platform_value_idx` (`value`),
  KEY `rep_platform_sortkey_idx` (`sortkey`,`value`)
) ENGINE=InnoDB AUTO_INCREMENT=5 DEFAULT CHARSET=utf8;

--
-- Dumping data for table `bugzilla_test`.`rep_platform`
--

/*!40000 ALTER TABLE `rep_platform` DISABLE KEYS */;
LOCK TABLES `rep_platform` WRITE;
INSERT INTO `bugzilla_test`.`rep_platform` VALUES  (1,'All',100,1),
 (2,'PC',200,1),
 (3,'Macintosh',300,1),
 (4,'Other',400,1);
UNLOCK TABLES;
/*!40000 ALTER TABLE `rep_platform` ENABLE KEYS */;


--
-- Definition of table `bugzilla_test`.`resolution`
--

DROP TABLE IF EXISTS `bugzilla_test`.`resolution`;
CREATE TABLE  `bugzilla_test`.`resolution` (
  `id` smallint(6) NOT NULL AUTO_INCREMENT,
  `value` varchar(64) NOT NULL,
  `sortkey` smallint(6) NOT NULL DEFAULT '0',
  `isactive` tinyint(4) NOT NULL DEFAULT '1',
  PRIMARY KEY (`id`),
  UNIQUE KEY `resolution_value_idx` (`value`),
  KEY `resolution_sortkey_idx` (`sortkey`,`value`)
) ENGINE=InnoDB AUTO_INCREMENT=8 DEFAULT CHARSET=utf8;

--
-- Dumping data for table `bugzilla_test`.`resolution`
--

/*!40000 ALTER TABLE `resolution` DISABLE KEYS */;
LOCK TABLES `resolution` WRITE;
INSERT INTO `bugzilla_test`.`resolution` VALUES  (1,'',100,1),
 (2,'FIXED',200,1),
 (3,'INVALID',300,1),
 (4,'WONTFIX',400,1),
 (5,'DUPLICATE',500,1),
 (6,'WORKSFORME',600,1),
 (7,'MOVED',700,1);
UNLOCK TABLES;
/*!40000 ALTER TABLE `resolution` ENABLE KEYS */;


--
-- Definition of table `bugzilla_test`.`series`
--

DROP TABLE IF EXISTS `bugzilla_test`.`series`;
CREATE TABLE  `bugzilla_test`.`series` (
  `series_id` mediumint(9) NOT NULL AUTO_INCREMENT,
  `creator` mediumint(9) DEFAULT NULL,
  `category` smallint(6) NOT NULL,
  `subcategory` smallint(6) NOT NULL,
  `name` varchar(64) NOT NULL,
  `frequency` smallint(6) NOT NULL,
  `last_viewed` datetime DEFAULT NULL,
  `query` mediumtext NOT NULL,
  `is_public` tinyint(4) NOT NULL DEFAULT '0',
  PRIMARY KEY (`series_id`),
  UNIQUE KEY `series_creator_idx` (`creator`,`category`,`subcategory`,`name`)
) ENGINE=InnoDB AUTO_INCREMENT=23 DEFAULT CHARSET=utf8;

--
-- Dumping data for table `bugzilla_test`.`series`
--

/*!40000 ALTER TABLE `series` DISABLE KEYS */;
LOCK TABLES `series` WRITE;
INSERT INTO `bugzilla_test`.`series` VALUES  (1,NULL,1,1,'NEW',1,NULL,'bug_status=NEW',1),
 (2,NULL,1,1,'ASSIGNED',1,NULL,'bug_status=ASSIGNED',1),
 (3,NULL,1,1,'REOPENED',1,NULL,'bug_status=REOPENED',1),
 (4,NULL,1,1,'UNCONFIRMED',1,NULL,'bug_status=UNCONFIRMED',1),
 (5,NULL,1,1,'RESOLVED',1,NULL,'bug_status=RESOLVED',1),
 (6,NULL,1,1,'VERIFIED',1,NULL,'bug_status=VERIFIED',1),
 (7,NULL,1,1,'CLOSED',1,NULL,'bug_status=CLOSED',1),
 (8,NULL,1,1,'FIXED',1,NULL,'resolution=FIXED',1),
 (9,NULL,1,1,'INVALID',1,NULL,'resolution=INVALID',1),
 (10,NULL,1,1,'WONTFIX',1,NULL,'resolution=WONTFIX',1),
 (11,NULL,1,1,'LATER',1,NULL,'resolution=LATER',1),
 (12,NULL,1,1,'REMIND',1,NULL,'resolution=REMIND',1),
 (13,NULL,1,1,'DUPLICATE',1,NULL,'resolution=DUPLICATE',1),
 (14,NULL,1,1,'WORKSFORME',1,NULL,'resolution=WORKSFORME',1),
 (15,NULL,1,1,'MOVED',1,NULL,'resolution=MOVED',1),
 (16,NULL,1,1,'All Open',1,NULL,'bug_status=UNCONFIRMED&bug_status=NEW&bug_status=ASSIGNED&bug_status=REOPENED',1),
 (17,1,2,3,'Alle Offenen',1,NULL,'field0-0-0=resolution&type0-0-0=notregexp&value0-0-0=.&product=Produkt%20A&component=Komponente%20A%20-%201',1),
 (18,1,2,3,'Alle Geschlossenen',1,NULL,'field0-0-0=resolution&type0-0-0=regexp&value0-0-0=.&product=Produkt%20A&component=Komponente%20A%20-%201',1);
INSERT INTO `bugzilla_test`.`series` VALUES  (19,1,4,5,'Alle Offenen',1,NULL,'field0-0-0=resolution&type0-0-0=notregexp&value0-0-0=.&product=Produkt%20B&component=Komponente%20B%20-%201',1),
 (20,1,4,5,'Alle Geschlossenen',1,NULL,'field0-0-0=resolution&type0-0-0=regexp&value0-0-0=.&product=Produkt%20B&component=Komponente%20B%20-%201',1),
 (21,1,6,7,'Alle Offenen',1,NULL,'field0-0-0=resolution&type0-0-0=notregexp&value0-0-0=.&product=Produkt%20C&component=Komponente%20C%20-%201',1),
 (22,1,6,7,'Alle Geschlossenen',1,NULL,'field0-0-0=resolution&type0-0-0=regexp&value0-0-0=.&product=Produkt%20C&component=Komponente%20C%20-%201',1);
UNLOCK TABLES;
/*!40000 ALTER TABLE `series` ENABLE KEYS */;


--
-- Definition of table `bugzilla_test`.`series_categories`
--

DROP TABLE IF EXISTS `bugzilla_test`.`series_categories`;
CREATE TABLE  `bugzilla_test`.`series_categories` (
  `id` smallint(6) NOT NULL AUTO_INCREMENT,
  `name` varchar(64) NOT NULL,
  PRIMARY KEY (`id`),
  UNIQUE KEY `series_categories_name_idx` (`name`)
) ENGINE=InnoDB AUTO_INCREMENT=8 DEFAULT CHARSET=utf8;

--
-- Dumping data for table `bugzilla_test`.`series_categories`
--

/*!40000 ALTER TABLE `series_categories` DISABLE KEYS */;
LOCK TABLES `series_categories` WRITE;
INSERT INTO `bugzilla_test`.`series_categories` VALUES  (1,'-All-'),
 (3,'Komponente A - 1'),
 (5,'Komponente B - 1'),
 (7,'Komponente C - 1'),
 (2,'Produkt A'),
 (4,'Produkt B'),
 (6,'Produkt C');
UNLOCK TABLES;
/*!40000 ALTER TABLE `series_categories` ENABLE KEYS */;


--
-- Definition of table `bugzilla_test`.`series_data`
--

DROP TABLE IF EXISTS `bugzilla_test`.`series_data`;
CREATE TABLE  `bugzilla_test`.`series_data` (
  `series_id` mediumint(9) NOT NULL,
  `series_date` datetime NOT NULL,
  `series_value` mediumint(9) NOT NULL,
  UNIQUE KEY `series_data_series_id_idx` (`series_id`,`series_date`)
) ENGINE=InnoDB DEFAULT CHARSET=utf8;

--
-- Dumping data for table `bugzilla_test`.`series_data`
--

/*!40000 ALTER TABLE `series_data` DISABLE KEYS */;
LOCK TABLES `series_data` WRITE;
INSERT INTO `bugzilla_test`.`series_data` VALUES  (1,'2010-05-10 00:00:00',0),
 (1,'2010-05-15 00:00:00',0),
 (1,'2010-05-25 00:00:00',1),
 (2,'2010-05-10 00:00:00',0),
 (2,'2010-05-15 00:00:00',0),
 (2,'2010-05-25 00:00:00',0),
 (3,'2010-05-10 00:00:00',1),
 (3,'2010-05-15 00:00:00',1),
 (3,'2010-05-25 00:00:00',0),
 (4,'2010-05-10 00:00:00',0),
 (4,'2010-05-15 00:00:00',0),
 (4,'2010-05-25 00:00:00',0),
 (5,'2010-05-10 00:00:00',0),
 (5,'2010-05-15 00:00:00',1),
 (5,'2010-05-25 00:00:00',0),
 (6,'2010-05-10 00:00:00',0),
 (6,'2010-05-15 00:00:00',0),
 (6,'2010-05-25 00:00:00',0),
 (7,'2010-05-10 00:00:00',0),
 (7,'2010-05-15 00:00:00',0),
 (7,'2010-05-25 00:00:00',0),
 (8,'2010-05-10 00:00:00',0),
 (8,'2010-05-15 00:00:00',1),
 (8,'2010-05-25 00:00:00',0),
 (9,'2010-05-10 00:00:00',0),
 (9,'2010-05-15 00:00:00',0),
 (9,'2010-05-25 00:00:00',0),
 (10,'2010-05-10 00:00:00',0),
 (10,'2010-05-15 00:00:00',0),
 (10,'2010-05-25 00:00:00',0),
 (11,'2010-05-10 00:00:00',0),
 (11,'2010-05-15 00:00:00',0),
 (11,'2010-05-25 00:00:00',0);
INSERT INTO `bugzilla_test`.`series_data` VALUES  (12,'2010-05-10 00:00:00',0),
 (12,'2010-05-15 00:00:00',0),
 (12,'2010-05-25 00:00:00',0),
 (13,'2010-05-10 00:00:00',0),
 (13,'2010-05-15 00:00:00',0),
 (13,'2010-05-25 00:00:00',0),
 (14,'2010-05-10 00:00:00',0),
 (14,'2010-05-15 00:00:00',0),
 (14,'2010-05-25 00:00:00',0),
 (15,'2010-05-10 00:00:00',0),
 (15,'2010-05-15 00:00:00',0),
 (15,'2010-05-25 00:00:00',0),
 (16,'2010-05-10 00:00:00',1),
 (16,'2010-05-15 00:00:00',1),
 (16,'2010-05-25 00:00:00',1),
 (17,'2010-05-25 00:00:00',1),
 (18,'2010-05-25 00:00:00',0),
 (19,'2010-05-25 00:00:00',0),
 (20,'2010-05-25 00:00:00',0),
 (21,'2010-05-25 00:00:00',0),
 (22,'2010-05-25 00:00:00',0);
UNLOCK TABLES;
/*!40000 ALTER TABLE `series_data` ENABLE KEYS */;


--
-- Definition of table `bugzilla_test`.`setting`
--

DROP TABLE IF EXISTS `bugzilla_test`.`setting`;
CREATE TABLE  `bugzilla_test`.`setting` (
  `name` varchar(32) NOT NULL,
  `default_value` varchar(32) NOT NULL,
  `is_enabled` tinyint(4) NOT NULL DEFAULT '1',
  `subclass` varchar(32) DEFAULT NULL,
  PRIMARY KEY (`name`)
) ENGINE=InnoDB DEFAULT CHARSET=utf8;

--
-- Dumping data for table `bugzilla_test`.`setting`
--

/*!40000 ALTER TABLE `setting` DISABLE KEYS */;
LOCK TABLES `setting` WRITE;
INSERT INTO `bugzilla_test`.`setting` VALUES  ('comment_sort_order','oldest_to_newest',1,NULL),
 ('csv_colsepchar',',',1,NULL),
 ('display_quips','on',1,NULL),
 ('lang','be',1,'Lang'),
 ('per_bug_queries','off',1,NULL),
 ('post_bug_submit_action','next_bug',1,NULL),
 ('quote_replies','quoted_reply',1,NULL),
 ('skin','Dusk',1,'Skin'),
 ('state_addselfcc','cc_unless_role',1,NULL),
 ('zoom_textareas','on',1,NULL);
UNLOCK TABLES;
/*!40000 ALTER TABLE `setting` ENABLE KEYS */;


--
-- Definition of table `bugzilla_test`.`setting_value`
--

DROP TABLE IF EXISTS `bugzilla_test`.`setting_value`;
CREATE TABLE  `bugzilla_test`.`setting_value` (
  `name` varchar(32) NOT NULL,
  `value` varchar(32) NOT NULL,
  `sortindex` smallint(6) NOT NULL,
  UNIQUE KEY `setting_value_nv_unique_idx` (`name`,`value`),
  UNIQUE KEY `setting_value_ns_unique_idx` (`name`,`sortindex`)
) ENGINE=InnoDB DEFAULT CHARSET=utf8;

--
-- Dumping data for table `bugzilla_test`.`setting_value`
--

/*!40000 ALTER TABLE `setting_value` DISABLE KEYS */;
LOCK TABLES `setting_value` WRITE;
INSERT INTO `bugzilla_test`.`setting_value` VALUES  ('comment_sort_order','oldest_to_newest',5),
 ('comment_sort_order','newest_to_oldest',10),
 ('comment_sort_order','newest_to_oldest_desc_first',15),
 ('csv_colsepchar',',',5),
 ('csv_colsepchar',';',10),
 ('display_quips','on',5),
 ('display_quips','off',10),
 ('per_bug_queries','on',5),
 ('per_bug_queries','off',10),
 ('post_bug_submit_action','next_bug',5),
 ('post_bug_submit_action','same_bug',10),
 ('post_bug_submit_action','nothing',15),
 ('quote_replies','quoted_reply',5),
 ('quote_replies','simple_reply',10),
 ('quote_replies','off',15),
 ('state_addselfcc','always',5),
 ('state_addselfcc','never',10),
 ('state_addselfcc','cc_unless_role',15),
 ('zoom_textareas','on',5),
 ('zoom_textareas','off',10);
UNLOCK TABLES;
/*!40000 ALTER TABLE `setting_value` ENABLE KEYS */;


--
-- Definition of table `bugzilla_test`.`status_workflow`
--

DROP TABLE IF EXISTS `bugzilla_test`.`status_workflow`;
CREATE TABLE  `bugzilla_test`.`status_workflow` (
  `old_status` smallint(6) DEFAULT NULL,
  `new_status` smallint(6) NOT NULL,
  `require_comment` tinyint(4) NOT NULL DEFAULT '0',
  UNIQUE KEY `status_workflow_idx` (`old_status`,`new_status`)
) ENGINE=InnoDB DEFAULT CHARSET=utf8;

--
-- Dumping data for table `bugzilla_test`.`status_workflow`
--

/*!40000 ALTER TABLE `status_workflow` DISABLE KEYS */;
LOCK TABLES `status_workflow` WRITE;
INSERT INTO `bugzilla_test`.`status_workflow` VALUES  (NULL,1,0),
 (NULL,2,0),
 (NULL,3,0),
 (1,2,0),
 (1,3,0),
 (1,5,0),
 (2,3,0),
 (2,5,0),
 (3,2,0),
 (3,5,0),
 (4,2,0),
 (4,3,0),
 (4,5,0),
 (5,1,0),
 (5,4,0),
 (5,6,0),
 (5,7,0),
 (6,1,0),
 (6,4,0),
 (6,7,0),
 (7,1,0),
 (7,4,0),
 (6,5,0),
 (7,5,0);
UNLOCK TABLES;
/*!40000 ALTER TABLE `status_workflow` ENABLE KEYS */;


--
-- Definition of table `bugzilla_test`.`tokens`
--

DROP TABLE IF EXISTS `bugzilla_test`.`tokens`;
CREATE TABLE  `bugzilla_test`.`tokens` (
  `userid` mediumint(9) DEFAULT NULL,
  `issuedate` datetime NOT NULL,
  `token` varchar(16) NOT NULL,
  `tokentype` varchar(8) NOT NULL,
  `eventdata` tinytext,
  PRIMARY KEY (`token`),
  KEY `tokens_userid_idx` (`userid`),
  CONSTRAINT `fk_tokens_userid_profiles_userid` FOREIGN KEY (`userid`) REFERENCES `profiles` (`userid`) ON DELETE CASCADE ON UPDATE CASCADE
) ENGINE=InnoDB DEFAULT CHARSET=utf8;

--
-- Dumping data for table `bugzilla_test`.`tokens`
--

/*!40000 ALTER TABLE `tokens` DISABLE KEYS */;
LOCK TABLES `tokens` WRITE;
INSERT INTO `bugzilla_test`.`tokens` VALUES  (1,'2010-05-25 14:20:39','00WwVFFy4b','session','edit_component'),
 (1,'2010-05-25 14:37:45','0gCsO4mzNp','session','createbug:2'),
 (1,'2010-05-25 14:23:25','1zFPf3jokz','session','edit_user'),
 (1,'2010-05-25 14:26:49','38NnFlQPFd','session','createbug:1'),
 (1,'2010-05-25 14:24:59','6IpU8XmzdC','session','edit_user_prefs'),
 (1,'2010-05-25 14:25:10','7NDIJCse9f','session','edit_user_prefs'),
 (1,'2010-05-25 14:39:30','8iIEKP9MWO','session','edit_user'),
 (1,'2010-05-25 14:19:03','8Is5nbNjXI','session','edit_product'),
 (1,'2010-06-13 21:02:34','9sTszW7Vl3','session','add_field_value'),
 (1,'2010-05-25 14:22:55','b65pT28IFf','session','edit_user'),
 (1,'2010-05-25 14:24:01','C9fdKUa0Mg','session','edit_user_prefs'),
 (1,'2010-05-25 14:43:31','CT6nlCPvF4','session','createbug:9'),
 (1,'2010-05-25 14:25:10','EdlpS5RY1h','session','edit_user_prefs'),
 (1,'2010-06-13 21:03:51','EgOLEwIDkP','session','createbug:14'),
 (1,'2010-05-25 14:23:35','F0GX25UQpK','session','edit_user_prefs'),
 (1,'2010-05-25 14:39:22','FeSyaz1MHf','session','edit_user');
INSERT INTO `bugzilla_test`.`tokens` VALUES  (1,'2010-05-25 14:20:09','FKVTUkumBq','session','edit_product'),
 (1,'2010-05-25 14:21:59','fpEstavb7K','session','edit_product'),
 (1,'2010-05-25 14:23:29','gKCK71DUZ2','session','edit_user_prefs'),
 (1,'2010-05-25 14:23:35','HcGgMWQKQQ','session','edit_user_prefs'),
 (1,'2010-05-25 14:38:50','HElJFgBsMN','session','edit_settings'),
 (1,'2010-05-25 14:25:01','HkUiV27UZi','session','edit_user_prefs'),
 (1,'2010-05-25 14:16:28','kVPbwM9sra','session','edit_parameters'),
 (1,'2010-05-25 14:41:42','KWcYkq5BWB','session','createbug:6'),
 (1,'2010-05-25 14:40:22','LljHXvZN7L','session','createbug:4'),
 (1,'2010-05-25 14:25:02','oArvWfbVg3','session','edit_user_prefs'),
 (1,'2010-06-13 02:27:23','ooPP02Z3LP','session','createbug:12'),
 (1,'2010-06-13 02:26:17','OWgLsxdQ6A','session','createbug:11'),
 (1,'2010-05-25 14:18:12','QWJIF7KFjU','session','edit_product'),
 (1,'2010-05-25 14:41:08','QzjLGfDAc0','session','createbug:5'),
 (1,'2010-05-25 14:21:11','rsi4oUzTtF','session','edit_product'),
 (1,'2010-06-13 02:27:48','SatE1rYC8H','session','createbug:13');
INSERT INTO `bugzilla_test`.`tokens` VALUES  (1,'2010-05-25 14:24:15','Vf33jsWJoG','session','edit_user_prefs'),
 (1,'2010-05-25 14:23:55','vhMK3yIRNL','session','edit_user_prefs'),
 (1,'2010-05-25 14:21:30','VTMsNvIx1Z','session','edit_product'),
 (1,'2010-05-25 14:39:38','VUAMA42YhR','session','createbug:3'),
 (1,'2010-06-13 02:25:02','xNNtwuBhkW','session','createbug:10'),
 (1,'2010-05-25 14:42:53','yVjW2UQVyw','session','createbug:8'),
 (1,'2010-05-25 14:24:59','Z4BOR0SrYe','session','edit_user_prefs'),
 (1,'2010-05-25 14:42:18','Z6hYrSb3Vf','session','createbug:7');
UNLOCK TABLES;
/*!40000 ALTER TABLE `tokens` ENABLE KEYS */;


--
-- Definition of table `bugzilla_test`.`user_group_map`
--

DROP TABLE IF EXISTS `bugzilla_test`.`user_group_map`;
CREATE TABLE  `bugzilla_test`.`user_group_map` (
  `user_id` mediumint(9) NOT NULL,
  `group_id` mediumint(9) NOT NULL,
  `isbless` tinyint(4) NOT NULL DEFAULT '0',
  `grant_type` tinyint(4) NOT NULL DEFAULT '0',
  UNIQUE KEY `user_group_map_user_id_idx` (`user_id`,`group_id`,`grant_type`,`isbless`)
) ENGINE=InnoDB DEFAULT CHARSET=utf8;

--
-- Dumping data for table `bugzilla_test`.`user_group_map`
--

/*!40000 ALTER TABLE `user_group_map` DISABLE KEYS */;
LOCK TABLES `user_group_map` WRITE;
INSERT INTO `bugzilla_test`.`user_group_map` VALUES  (1,1,0,0),
 (1,1,1,0),
 (1,3,0,0),
 (1,8,0,2),
 (2,1,0,0),
 (2,1,1,0),
 (2,8,0,2),
 (3,1,0,0),
 (3,1,1,0),
 (3,8,0,2);
UNLOCK TABLES;
/*!40000 ALTER TABLE `user_group_map` ENABLE KEYS */;


--
-- Definition of table `bugzilla_test`.`versions`
--

DROP TABLE IF EXISTS `bugzilla_test`.`versions`;
CREATE TABLE  `bugzilla_test`.`versions` (
  `id` mediumint(9) NOT NULL AUTO_INCREMENT,
  `value` varchar(64) NOT NULL,
  `product_id` smallint(6) NOT NULL,
  PRIMARY KEY (`id`),
  UNIQUE KEY `versions_product_id_idx` (`product_id`,`value`)
) ENGINE=InnoDB AUTO_INCREMENT=8 DEFAULT CHARSET=utf8;

--
-- Dumping data for table `bugzilla_test`.`versions`
--

/*!40000 ALTER TABLE `versions` DISABLE KEYS */;
LOCK TABLES `versions` WRITE;
INSERT INTO `bugzilla_test`.`versions` VALUES  (3,'1.0.0',2),
 (4,'2.0.0',2),
 (5,'1.0.0',3),
 (6,'1.0.0',4),
 (7,'1.5.0',4);
UNLOCK TABLES;
/*!40000 ALTER TABLE `versions` ENABLE KEYS */;


--
-- Definition of table `bugzilla_test`.`votes`
--

DROP TABLE IF EXISTS `bugzilla_test`.`votes`;
CREATE TABLE  `bugzilla_test`.`votes` (
  `who` mediumint(9) NOT NULL,
  `bug_id` mediumint(9) NOT NULL,
  `vote_count` smallint(6) NOT NULL,
  KEY `votes_who_idx` (`who`),
  KEY `votes_bug_id_idx` (`bug_id`),
  CONSTRAINT `fk_votes_who_profiles_userid` FOREIGN KEY (`who`) REFERENCES `profiles` (`userid`) ON DELETE CASCADE ON UPDATE CASCADE
) ENGINE=InnoDB DEFAULT CHARSET=utf8;

--
-- Dumping data for table `bugzilla_test`.`votes`
--

/*!40000 ALTER TABLE `votes` DISABLE KEYS */;
LOCK TABLES `votes` WRITE;
UNLOCK TABLES;
/*!40000 ALTER TABLE `votes` ENABLE KEYS */;


--
-- Definition of table `bugzilla_test`.`watch`
--

DROP TABLE IF EXISTS `bugzilla_test`.`watch`;
CREATE TABLE  `bugzilla_test`.`watch` (
  `watcher` mediumint(9) NOT NULL,
  `watched` mediumint(9) NOT NULL,
  UNIQUE KEY `watch_watcher_idx` (`watcher`,`watched`),
  KEY `watch_watched_idx` (`watched`),
  CONSTRAINT `fk_watch_watched_profiles_userid` FOREIGN KEY (`watched`) REFERENCES `profiles` (`userid`) ON DELETE CASCADE ON UPDATE CASCADE,
  CONSTRAINT `fk_watch_watcher_profiles_userid` FOREIGN KEY (`watcher`) REFERENCES `profiles` (`userid`) ON DELETE CASCADE ON UPDATE CASCADE
) ENGINE=InnoDB DEFAULT CHARSET=utf8;

--
-- Dumping data for table `bugzilla_test`.`watch`
--

/*!40000 ALTER TABLE `watch` DISABLE KEYS */;
LOCK TABLES `watch` WRITE;
UNLOCK TABLES;
/*!40000 ALTER TABLE `watch` ENABLE KEYS */;


--
-- Definition of table `bugzilla_test`.`whine_events`
--

DROP TABLE IF EXISTS `bugzilla_test`.`whine_events`;
CREATE TABLE  `bugzilla_test`.`whine_events` (
  `id` mediumint(9) NOT NULL AUTO_INCREMENT,
  `owner_userid` mediumint(9) NOT NULL,
  `subject` varchar(128) DEFAULT NULL,
  `body` mediumtext,
  PRIMARY KEY (`id`),
  KEY `fk_whine_events_owner_userid_profiles_userid` (`owner_userid`),
  CONSTRAINT `fk_whine_events_owner_userid_profiles_userid` FOREIGN KEY (`owner_userid`) REFERENCES `profiles` (`userid`) ON DELETE CASCADE ON UPDATE CASCADE
) ENGINE=InnoDB DEFAULT CHARSET=utf8;

--
-- Dumping data for table `bugzilla_test`.`whine_events`
--

/*!40000 ALTER TABLE `whine_events` DISABLE KEYS */;
LOCK TABLES `whine_events` WRITE;
UNLOCK TABLES;
/*!40000 ALTER TABLE `whine_events` ENABLE KEYS */;


--
-- Definition of table `bugzilla_test`.`whine_queries`
--

DROP TABLE IF EXISTS `bugzilla_test`.`whine_queries`;
CREATE TABLE  `bugzilla_test`.`whine_queries` (
  `id` mediumint(9) NOT NULL AUTO_INCREMENT,
  `eventid` mediumint(9) NOT NULL,
  `query_name` varchar(64) NOT NULL DEFAULT '',
  `sortkey` smallint(6) NOT NULL DEFAULT '0',
  `onemailperbug` tinyint(4) NOT NULL DEFAULT '0',
  `title` varchar(128) NOT NULL DEFAULT '',
  PRIMARY KEY (`id`),
  KEY `whine_queries_eventid_idx` (`eventid`),
  CONSTRAINT `fk_whine_queries_eventid_whine_events_id` FOREIGN KEY (`eventid`) REFERENCES `whine_events` (`id`) ON DELETE CASCADE ON UPDATE CASCADE
) ENGINE=InnoDB DEFAULT CHARSET=utf8;

--
-- Dumping data for table `bugzilla_test`.`whine_queries`
--

/*!40000 ALTER TABLE `whine_queries` DISABLE KEYS */;
LOCK TABLES `whine_queries` WRITE;
UNLOCK TABLES;
/*!40000 ALTER TABLE `whine_queries` ENABLE KEYS */;


--
-- Definition of table `bugzilla_test`.`whine_schedules`
--

DROP TABLE IF EXISTS `bugzilla_test`.`whine_schedules`;
CREATE TABLE  `bugzilla_test`.`whine_schedules` (
  `id` mediumint(9) NOT NULL AUTO_INCREMENT,
  `eventid` mediumint(9) NOT NULL,
  `run_day` varchar(32) DEFAULT NULL,
  `run_time` varchar(32) DEFAULT NULL,
  `run_next` datetime DEFAULT NULL,
  `mailto` mediumint(9) NOT NULL,
  `mailto_type` smallint(6) NOT NULL DEFAULT '0',
  PRIMARY KEY (`id`),
  KEY `whine_schedules_run_next_idx` (`run_next`),
  KEY `whine_schedules_eventid_idx` (`eventid`),
  CONSTRAINT `fk_whine_schedules_eventid_whine_events_id` FOREIGN KEY (`eventid`) REFERENCES `whine_events` (`id`) ON DELETE CASCADE ON UPDATE CASCADE
) ENGINE=InnoDB DEFAULT CHARSET=utf8;

--
-- Dumping data for table `bugzilla_test`.`whine_schedules`
--

/*!40000 ALTER TABLE `whine_schedules` DISABLE KEYS */;
LOCK TABLES `whine_schedules` WRITE;
UNLOCK TABLES;
/*!40000 ALTER TABLE `whine_schedules` ENABLE KEYS */;




/*!40101 SET SQL_MODE=@OLD_SQL_MODE */;
/*!40014 SET FOREIGN_KEY_CHECKS=@OLD_FOREIGN_KEY_CHECKS */;
/*!40014 SET UNIQUE_CHECKS=@OLD_UNIQUE_CHECKS */;
/*!40101 SET CHARACTER_SET_CLIENT=@OLD_CHARACTER_SET_CLIENT */;
/*!40101 SET CHARACTER_SET_RESULTS=@OLD_CHARACTER_SET_RESULTS */;
/*!40101 SET COLLATION_CONNECTION=@OLD_COLLATION_CONNECTION */;
/*!40101 SET CHARACTER_SET_CLIENT=@OLD_CHARACTER_SET_CLIENT */;
